assessment_date	polygon_id	type	is_present	any_habitat	assessment_source	inaccessible	any_type
15706	WVLBRN0145	30	1	1	field assessment	NA	NA
16071	ANTBAL0711	30	0	0	field assessment	NA	NA
16071	ANTBCT0572	31	1	1	NA	long term	NA
16071	ANTBRM0421	33	0	0	field assessment	NA	NA
16071	ANTBRS0068	30	1	1	field assessment	NA	NA
16071	ANTBRS0068	31	1	1	field assessment	NA	NA
16071	ANTBRS0068	32	1	1	field assessment	NA	NA
16071	ANTBSE0314	30	1	1	field assessment	NA	NA
16071	ANTBSE0314	31	1	1	field assessment	NA	NA
16071	ANTBSE0334	30	1	1	field assessment	NA	NA
16071	ANTBSE0334	31	1	1	field assessment	NA	NA
16071	ANTBSE0336	31	1	1	field assessment	NA	NA
16071	ANTDES0075	33	1	1	field assessment	NA	NA
16071	ANTGEE0105	32	0	NA	field assessment	NA	NA
16071	ANTGEE0105	33	1	1	field assessment	NA	NA
16071	ANTHST0458	30	0	0	field assessment	NA	NA
16071	ANTHST0460	30	1	1	field assessment	NA	NA
16071	ANTHST0508	30	1	1	field assessment	NA	NA
16071	ANTHUL0132	30	1	1	field assessment	NA	NA
16071	ANTHUL0219	30	0	0	field assessment	NA	NA
16071	ANTHUL0276	30	0	0	field assessment	NA	NA
16071	ANTKAS0302	30	1	1	field assessment	NA	NA
16071	ANTKAS0616	34	1	1	field assessment	NA	NA
16071	ANTMAL0136	31	1	1	field assessment	NA	NA
16071	ANTMOL0036	33	1	1	field assessment	NA	NA
16071	ANTMOL0088	30	1	1	field assessment	NA	NA
16071	ANTMOL0088	31	1	1	field assessment	NA	NA
16071	ANTMOL0138	31	1	1	field assessment	NA	NA
16071	ANTMOL0138	32	1	1	field assessment	NA	NA
16071	ANTMOL0138	33	1	1	field assessment	NA	NA
16071	ANTMOL0152	30	1	1	field assessment	NA	NA
16071	ANTMOL0152	31	1	1	field assessment	NA	NA
16071	ANTMOL0152	32	1	1	field assessment	NA	NA
16071	ANTMOL0720	30	1	1	field assessment	NA	NA
16071	ANTOTH0015	30	1	1	field assessment	NA	NA
16071	ANTOTH0271	34	1	1	field assessment	NA	NA
16071	ANTRAN0277	30	1	1	field assessment	NA	NA
16071	ANTRAN0277	31	0	NA	field assessment	NA	NA
16071	ANTRET0186	30	1	1	field assessment	NA	NA
16071	ANTRET0186	32	1	1	field assessment	NA	NA
16071	ANTRET0199	30	1	1	field assessment	NA	NA
16071	ANTRET0236	30	0	NA	field assessment	NA	NA
16071	ANTRET0236	32	1	1	field assessment	NA	NA
16071	ANTRIJ0072	31	1	1	field assessment	NA	NA
16071	ANTRIJ0308	30	1	1	field assessment	NA	NA
16071	ANTRIJ0308	31	1	1	field assessment	NA	NA
16071	ANTTUR0065	30	1	1	field assessment	NA	NA
16071	ANTTUR0065	31	1	1	field assessment	NA	NA
16071	ANTTUR0127	33	0	0	field assessment	NA	NA
16071	ANTTUR0142	33	1	1	field assessment	NA	NA
16071	ANTTUR0207	30	1	1	field assessment	NA	NA
16071	ANTTUR0207	31	1	1	field assessment	NA	NA
16071	ANTTUR0207	32	1	1	field assessment	NA	NA
16071	ANTTUR0301	30	1	1	field assessment	NA	NA
16071	ANTTUR0304	28	1	1	field assessment	NA	NA
16071	ANTTUR0304	30	1	1	field assessment	NA	NA
16071	ANTTUR0304	31	1	1	field assessment	NA	NA
16071	ANTVOR0058	30	0	0	field assessment	NA	NA
16071	ANTWIL0020	32	1	1	field assessment	NA	NA
16071	LIMDPB0057	33	1	1	field assessment	NA	NA
16071	LIMDPB0311	30	0	NA	field assessment	NA	NA
16071	LIMDPB0311	31	1	1	field assessment	NA	NA
16071	LIMDPB0311	33	1	1	field assessment	NA	NA
16071	LIMDPB0315	30	0	NA	field assessment	NA	NA
16071	LIMDPB0315	33	1	1	field assessment	NA	NA
16071	LIMDST0108	28	1	1	field assessment	NA	NA
16071	LIMDST0108	30	1	1	field assessment	NA	NA
16071	LIMGNK0025	30	0	NA	field assessment	NA	NA
16071	LIMGNK0025	33	1	1	field assessment	NA	NA
16071	LIMGNK0062	30	0	NA	field assessment	NA	NA
16071	LIMGNK0062	33	1	1	field assessment	NA	NA
16071	LIMGNK0064	30	0	NA	field assessment	NA	NA
16071	LIMGNK0064	33	1	1	field assessment	NA	NA
16071	LIMGNK0095	30	1	1	field assessment	NA	NA
16071	LIMGNK0119	30	0	NA	field assessment	NA	NA
16071	LIMGNK0119	31	1	1	field assessment	NA	NA
16071	LIMGNK0152	30	1	1	field assessment	NA	NA
16071	LIMGNK0182	30	1	1	field assessment	NA	NA
16071	LIMGNK0182	31	1	1	field assessment	NA	NA
16071	LIMGNK0182	32	1	1	field assessment	NA	NA
16071	LIMGNK0372	30	1	1	field assessment	NA	NA
16071	LIMGNK0374	30	1	1	field assessment	NA	NA
16071	LIMGNK0374	31	1	1	field assessment	NA	NA
16071	LIMGNK0396	31	1	1	field assessment	NA	NA
16071	LIMGNK0396	33	0	NA	field assessment	NA	NA
16071	LIMHAS0462	30	1	1	field assessment	NA	NA
16071	LIMHAS0541	30	1	1	field assessment	NA	NA
16071	LIMHAS0544	30	0	NA	field assessment	NA	NA
16071	LIMHAS0544	31	1	1	field assessment	NA	NA
16071	LIMHHE0001	34	1	1	field assessment	NA	NA
16071	LIMHHE0286	30	1	1	field assessment	NA	NA
16071	LIMHHE0286	31	1	1	field assessment	NA	NA
16071	LIMHHE0286	32	1	1	field assessment	NA	NA
16071	LIMHHE0375	30	0	NA	field assessment	NA	NA
16071	LIMHHE0375	34	1	1	field assessment	NA	NA
16071	LIMHMA0273	30	0	0	field assessment	NA	NA
16071	LIMLNK0083	30	1	1	field assessment	NA	NA
16071	LIMLUM0054	31	0	0	field assessment	NA	NA
16071	LIMLUM0401	30	1	1	field assessment	NA	NA
16071	LIMLUM0401	33	1	1	field assessment	NA	NA
16071	LIMMGR0035	34	0	0	field assessment	NA	NA
16071	LIMMGR0253	30	0	0	field assessment	NA	NA
16071	LIMMGR0253	34	0	0	field assessment	NA	NA
16071	LIMMSK0007	30	1	1	field assessment	NA	NA
16071	LIMMSK0007	31	1	1	field assessment	NA	NA
16071	LIMMSM0026	30	1	1	field assessment	NA	NA
16071	LIMMSM0026	31	1	1	field assessment	NA	NA
16071	LIMMSM0197	34	1	1	field assessment	NA	NA
16071	LIMZNH0138	30	0	0	field assessment	NA	NA
16071	LIMZNH0238	30	1	1	field assessment	NA	NA
16071	LIMZNH0238	31	1	1	field assessment	NA	NA
16071	LIMZNH0333	30	1	1	field assessment	NA	NA
16071	LIMZNH0333	34	1	1	field assessment	NA	NA
16071	LIMZNH0360	30	1	1	field assessment	NA	NA
16071	LIMZNH0360	34	1	1	field assessment	NA	NA
16071	LIMZNH0385	30	1	1	field assessment	NA	NA
16071	LIMZNH0478	30	1	1	field assessment	NA	NA
16071	LIMZNH0478	31	1	1	field assessment	NA	NA
16071	LIMZNH0539	30	0	NA	field assessment	NA	NA
16071	LIMZNH0539	31	1	1	field assessment	NA	NA
16071	LIMZNH0539	33	1	1	field assessment	NA	NA
16071	OVLALT0344	30	1	1	field assessment	NA	NA
16071	OVLALT0344	31	1	1	field assessment	NA	NA
16071	OVLLOK0348	33	1	1	field assessment	NA	NA
16071	VBRDIE0443	30	1	1	field assessment	NA	NA
16071	VBRDIE0443	31	0	NA	field assessment	NA	NA
16071	VBRSZI0235	30	1	1	field assessment	NA	NA
16071	VBRSZI0235	33	0	NA	field assessment	NA	NA
16071	VBRSZI0277	33	1	1	field assessment	NA	NA
16071	VBRSZI0401	33	1	1	field assessment	NA	NA
16071	VBRZOU0028	33	0	0	field assessment	NA	NA
16071	WVLBRU1212	33	1	1	field assessment	NA	NA
16071	WVLHAR0329	32	1	1	field assessment	NA	NA
16071	WVLHAR0329	33	1	1	field assessment	NA	NA
16071	WVLJAB0140	30	1	1	field assessment	NA	NA
16071	WVLJAB0174	30	1	1	field assessment	NA	NA
16071	WVLJAB0206	30	1	1	field assessment	NA	NA
16436	416016_v2020	32	0	NA	field assessment	NA	NA
16436	420329_v2023	32	0	NA	field assessment	NA	NA
16436	426190_v2020	32	0	NA	field assessment	NA	NA
16436	427747_v2020	32	0	NA	field assessment	NA	NA
16436	570572_v2018	30	0	NA	field assessment	NA	NA
16436	645826_v2023	34	0	NA	field assessment	NA	NA
16436	ANTANT0297	32	1	1	field assessment	NA	NA
16436	ANTANT0297	33	1	1	field assessment	NA	NA
16436	ANTARE0200	30	1	1	field assessment	NA	NA
16436	ANTARE0200	31	1	1	field assessment	NA	NA
16436	ANTARE0200	32	0	NA	field assessment	NA	NA
16436	ANTARE0278	30	0	NA	field assessment	NA	NA
16436	ANTARE0340	30	0	NA	field assessment	NA	NA
16436	ANTBAL0594	33	0	NA	field assessment	NA	NA
16436	ANTBAL0596	33	0	NA	field assessment	NA	NA
16436	ANTBCT0252	32	1	1	field assessment	NA	NA
16436	ANTBCT0252	33	1	1	field assessment	NA	NA
16436	ANTBCT0404	30	0	NA	field assessment	NA	NA
16436	ANTBCT0404	31	1	1	field assessment	NA	NA
16436	ANTBCT0458	30	1	1	field assessment	NA	NA
16436	ANTBCT0458	32	0	NA	field assessment	NA	NA
16436	ANTBCT0528	32	0	0	field assessment	NA	NA
16436	ANTBCT0544	31	1	1	field assessment	NA	NA
16436	ANTBCT0559	31	0	NA	field assessment	NA	NA
16436	ANTBCT0579	31	0	NA	field assessment	NA	NA
16436	ANTBCT0600	31	0	NA	field assessment	NA	NA
16436	ANTBCT0610	31	0	NA	field assessment	NA	NA
16436	ANTBON0239	33	0	NA	field assessment	NA	NA
16436	ANTBRM0238	33	0	NA	field assessment	NA	NA
16436	ANTBRM0255	33	0	NA	field assessment	NA	NA
16436	ANTBRS0121	30	0	NA	field assessment	NA	NA
16436	ANTBSE0021	31	0	NA	field assessment	NA	NA
16436	ANTBSE0061	30	1	1	NA	long term	NA
16436	ANTBSE0061	31	1	1	NA	long term	NA
16436	ANTBSE0061	32	1	1	NA	long term	NA
16436	ANTBSE0109	30	0	NA	field assessment	NA	NA
16436	ANTBSE0165	31	1	1	field assessment	NA	NA
16436	ANTBSE0197	33	0	NA	field assessment	NA	NA
16436	ANTBSE0215	30	1	1	field assessment	NA	NA
16436	ANTBSE0215	31	1	1	field assessment	NA	NA
16436	ANTBSE0227	30	1	1	field assessment	NA	NA
16436	ANTBSE0227	31	0	NA	field assessment	NA	NA
16436	ANTBSE0333	33	0	NA	field assessment	NA	NA
16436	ANTBSE0335	31	0	0	field assessment	NA	NA
16436	ANTBSE0338	30	1	1	field assessment	NA	NA
16436	ANTBSE0338	31	1	1	field assessment	NA	NA
16436	ANTBSE0366	31	0	NA	field assessment	NA	NA
16436	ANTDES0096	33	0	NA	field assessment	NA	NA
16436	ANTDES0098	30	0	NA	field assessment	NA	NA
16436	ANTDES0098	33	0	NA	field assessment	NA	NA
16436	ANTDUF0188	33	0	NA	field assessment	NA	NA
16436	ANTESS0033	30	0	NA	field assessment	NA	NA
16436	ANTESS0225	34	0	NA	field assessment	NA	NA
16436	ANTGEE0140	33	0	NA	field assessment	NA	NA
16436	ANTGEE0141	33	0	NA	field assessment	NA	NA
16436	ANTGEE0422	33	0	NA	field assessment	NA	NA
16436	ANTGEE0477	30	0	NA	field assessment	NA	NA
16436	ANTGEE0889	33	1	1	field assessment	NA	NA
16436	ANTGEE1026	30	NA	NA	NA	long term	NA
16436	ANTGRO0161	30	0	NA	field assessment	NA	NA
16436	ANTGRO0180	30	0	NA	field assessment	NA	NA
16436	ANTHST0069	30	0	NA	field assessment	NA	NA
16436	ANTHST0141	30	0	0	field assessment	NA	NA
16436	ANTHST0346	30	1	1	field assessment	NA	NA
16436	ANTHST0506	30	0	NA	field assessment	NA	NA
16436	ANTHST0665	30	1	1	field assessment	NA	NA
16436	ANTHST0665	32	1	1	field assessment	NA	NA
16436	ANTHTS0138	30	0	NA	field assessment	NA	NA
16436	ANTHTS0151	30	1	1	field assessment	NA	NA
16436	ANTHTS0151	34	1	1	field assessment	NA	NA
16436	ANTHUL0273	30	0	NA	field assessment	NA	NA
16436	ANTKAL0004	34	1	1	field assessment	NA	NA
16436	ANTKAL0319	34	0	NA	field assessment	NA	NA
16436	ANTKAL0330	34	1	1	field assessment	NA	NA
16436	ANTKAL0383	34	1	1	field assessment	NA	NA
16436	ANTKAP0220	30	0	NA	field assessment	NA	NA
16436	ANTKAS0017	34	0	0	field assessment	NA	NA
16436	ANTKAS0321	30	0	NA	field assessment	NA	NA
16436	ANTKAS0377	34	0	NA	field assessment	NA	NA
16436	ANTKAS0403	30	1	1	field assessment	NA	NA
16436	ANTKAS0431	33	1	1	field assessment	NA	NA
16436	ANTKAS0462	30	1	1	field assessment	NA	NA
16436	ANTKAS0462	34	1	1	field assessment	NA	NA
16436	ANTKAS0467	30	1	1	field assessment	NA	NA
16436	ANTKAS0467	34	1	1	field assessment	NA	NA
16436	ANTKON0008	33	0	NA	field assessment	NA	NA
16436	ANTLIL0064	32	0	NA	field assessment	NA	NA
16436	ANTLIL0362	30	1	1	field assessment	NA	NA
16436	ANTLIL0362	32	1	1	field assessment	NA	NA
16436	ANTLIL0528	30	1	1	field assessment	NA	NA
16436	ANTMEC0180	32	1	1	field assessment	NA	NA
16436	ANTMEC0388	31	1	1	field assessment	NA	NA
16436	ANTMEC0388	32	1	1	field assessment	NA	NA
16436	ANTMEC0388	33	0	NA	field assessment	NA	NA
16436	ANTMOL0032	31	0	NA	field assessment	NA	NA
16436	ANTMOL0067	31	0	NA	field assessment	NA	NA
16436	ANTMOL0143	30	1	1	field assessment	NA	NA
16436	ANTMOL0143	31	1	1	field assessment	NA	NA
16436	ANTMOL0143	32	1	1	field assessment	NA	NA
16436	ANTMOL0143	33	1	1	field assessment	NA	NA
16436	ANTMOL0163	31	0	NA	field assessment	NA	NA
16436	ANTMOL0163	32	0	NA	field assessment	NA	NA
16436	ANTMOL0163	33	0	NA	field assessment	NA	NA
16436	ANTMOL0539	31	0	NA	field assessment	NA	NA
16436	ANTMOL0570	30	0	NA	field assessment	NA	NA
16436	ANTMOL0570	34	0	NA	field assessment	NA	NA
16436	ANTMOL0659	31	0	NA	field assessment	NA	NA
16436	ANTOTH0270	34	1	1	field assessment	NA	NA
16436	ANTOTH0306	30	1	1	field assessment	NA	NA
16436	ANTRAV0052	30	1	1	field assessment	NA	NA
16436	ANTRAV0052	31	1	1	field assessment	NA	NA
16436	ANTRAV0209	33	0	NA	field assessment	NA	NA
16436	ANTRAV0293	31	0	NA	field assessment	NA	NA
16436	ANTRAV0382	33	0	NA	field assessment	NA	NA
16436	ANTRAV0383	30	0	NA	field assessment	NA	NA
16436	ANTRET0249	30	0	NA	field assessment	NA	NA
16436	ANTRET0250	30	0	NA	field assessment	NA	NA
16436	ANTRET0273	30	0	NA	field assessment	NA	NA
16436	ANTRIJ0006	31	1	1	field assessment	NA	NA
16436	ANTRIJ0006	32	1	1	field assessment	NA	NA
16436	ANTRIJ0006	33	0	NA	field assessment	NA	NA
16436	ANTRIJ0041	30	1	1	field assessment	NA	NA
16436	ANTRIJ0041	31	1	1	field assessment	NA	NA
16436	ANTRIJ0076	31	1	1	field assessment	NA	NA
16436	ANTRIJ0171	31	1	1	field assessment	NA	NA
16436	ANTSIL0316	30	0	NA	field assessment	NA	NA
16436	ANTSTB0002	30	0	NA	field assessment	NA	NA
16436	ANTTUR0082	30	1	1	field assessment	NA	NA
16436	ANTTUR0275	30	0	NA	field assessment	NA	NA
16436	ANTTUR0296	28	1	1	field assessment	NA	NA
16436	ANTTUR0296	30	1	1	field assessment	NA	NA
16436	ANTTUR0296	31	1	1	field assessment	NA	NA
16436	ANTTUR0296	34	1	1	field assessment	NA	NA
16436	ANTTUR0347	33	0	NA	field assessment	NA	NA
16436	ANTWES0062	33	0	NA	field assessment	NA	NA
16436	ANTWES0133	30	0	NA	field assessment	NA	NA
16436	ANTWIL0084	33	0	NA	field assessment	NA	NA
16436	ANTWIL0124	33	0	NA	field assessment	NA	NA
16436	ANTWIL0176	33	0	NA	field assessment	NA	NA
16436	ANTWUU0153	30	1	1	field assessment	NA	NA
16436	ANTWUU0153	33	1	1	field assessment	NA	NA
16436	LIMBRE0283	31	1	1	field assessment	NA	NA
16436	LIMBRE0283	33	0	NA	field assessment	NA	NA
16436	LIMBRG0182	34	1	1	field assessment	NA	NA
16436	LIMBRG0192	34	0	NA	field assessment	NA	NA
16436	LIMDPB0100	30	0	NA	field assessment	NA	NA
16436	LIMDPB0249	30	0	NA	field assessment	NA	NA
16436	LIMDST0104	34	1	1	field assessment	NA	NA
16436	LIMDST0178	33	1	1	field assessment	NA	NA
16436	LIMGNK0010	30	0	0	field assessment	NA	NA
16436	LIMGNK0021	30	0	NA	field assessment	NA	NA
16436	LIMGNK0035	32	1	1	field assessment	NA	NA
16436	LIMGNK0035	33	1	1	field assessment	NA	NA
16436	LIMGNK0046	30	0	NA	field assessment	NA	NA
16436	LIMGNK0050	30	0	NA	field assessment	NA	NA
16436	LIMGNK0050	31	1	1	field assessment	NA	NA
16436	LIMGNK0060	30	0	NA	field assessment	NA	NA
16436	LIMGNK0066	30	0	NA	field assessment	NA	NA
16436	LIMGNK0066	34	1	1	field assessment	NA	NA
16436	LIMGNK0067	30	0	NA	field assessment	NA	NA
16436	LIMGNK0089	30	1	1	field assessment	NA	NA
16436	LIMGNK0127	30	0	NA	field assessment	NA	NA
16436	LIMGNK0127	31	1	1	field assessment	NA	NA
16436	LIMGNK0131	30	0	NA	field assessment	NA	NA
16436	LIMGNK0134	30	0	NA	field assessment	NA	NA
16436	LIMGNK0139	30	0	NA	field assessment	NA	NA
16436	LIMGNK0147	30	0	NA	field assessment	NA	NA
16436	LIMGNK0147	31	1	1	field assessment	NA	NA
16436	LIMGNK0169	30	0	NA	field assessment	NA	NA
16436	LIMGNK0173	30	0	NA	field assessment	NA	NA
16436	LIMGNK0173	33	0	NA	field assessment	NA	NA
16436	LIMGNK0177	30	1	1	field assessment	NA	NA
16436	LIMGNK0373	30	0	NA	field assessment	NA	NA
16436	LIMGNK0848	30	0	0	field assessment	NA	NA
16436	LIMGNK0896	30	0	NA	field assessment	NA	NA
16436	LIMHAS0453	30	0	NA	field assessment	NA	NA
16436	LIMHAS0456	30	0	NA	field assessment	NA	NA
16436	LIMHAS0479	30	0	NA	field assessment	NA	NA
16436	LIMHAS0540	30	0	NA	field assessment	NA	NA
16436	LIMHAS0545	30	0	NA	field assessment	NA	NA
16436	LIMHAS0569	30	0	NA	field assessment	NA	NA
16436	LIMHAS0570	30	0	NA	field assessment	NA	NA
16436	LIMHAS0629	30	0	NA	field assessment	NA	NA
16436	LIMHAS0629	33	1	1	field assessment	NA	NA
16436	LIMHAS0669	30	0	NA	field assessment	NA	NA
16436	LIMHAS0671	30	0	NA	field assessment	NA	NA
16436	LIMHAS0672	30	0	NA	field assessment	NA	NA
16436	LIMHAS0672	31	1	1	field assessment	NA	NA
16436	LIMHAS0846	30	0	NA	field assessment	NA	NA
16436	LIMHAS0849	30	1	1	field assessment	NA	NA
16436	LIMHAS0849	31	1	1	field assessment	NA	NA
16436	LIMHAS0849	32	1	1	field assessment	NA	NA
16436	LIMHAS0854	30	0	NA	field assessment	NA	NA
16436	LIMHEC0578	30	1	1	field assessment	NA	NA
16436	LIMHEC0578	33	1	1	field assessment	NA	NA
16436	LIMHEC0578	34	1	1	field assessment	NA	NA
16436	LIMHHE0002	30	1	1	field assessment	NA	NA
16436	LIMHHE0002	34	1	1	field assessment	NA	NA
16436	LIMHHE0005	34	1	1	field assessment	NA	NA
16436	LIMHHE0008	30	1	1	field assessment	NA	NA
16436	LIMHHE0008	34	1	1	field assessment	NA	NA
16436	LIMHHE0112	30	1	1	field assessment	NA	NA
16436	LIMHHE0112	34	1	1	field assessment	NA	NA
16436	LIMHHE0114	30	1	1	field assessment	NA	NA
16436	LIMHHE0114	31	1	1	field assessment	NA	NA
16436	LIMHMA0012	30	0	NA	field assessment	NA	NA
16436	LIMHMA0271	30	0	NA	field assessment	NA	NA
16436	LIMHVL0092	30	0	NA	field assessment	NA	NA
16436	LIMHVL0092	31	1	1	field assessment	NA	NA
16436	LIMHVL0092	33	1	1	field assessment	NA	NA
16436	LIMHVL0092	34	1	1	field assessment	NA	NA
16436	LIMHVL0144	30	NA	NA	NA	long term	NA
16436	LIMLUM0151	30	0	NA	field assessment	NA	NA
16436	LIMLUM0240	33	0	NA	field assessment	NA	NA
16436	LIMMGR0261	34	0	NA	field assessment	NA	NA
16436	LIMMGR0262	34	1	1	field assessment	NA	NA
16436	LIMMGR0376	30	1	1	field assessment	NA	NA
16436	LIMMGR0376	34	1	1	field assessment	NA	NA
16436	LIMMSK0353	30	1	1	field assessment	NA	NA
16436	LIMMSK0353	31	1	1	field assessment	NA	NA
16436	LIMMSM0061	34	0	NA	field assessment	NA	NA
16436	LIMMSM0198	34	1	1	field assessment	NA	NA
16436	LIMMSM0247	30	0	NA	field assessment	NA	NA
16436	LIMOPG0016	34	1	1	field assessment	NA	NA
16436	LIMTES0026	34	1	1	field assessment	NA	NA
16436	LIMZNH0013	31	0	NA	field assessment	NA	NA
16436	LIMZNH0040	30	0	NA	field assessment	NA	NA
16436	LIMZNH0046	30	0	NA	field assessment	NA	NA
16436	LIMZNH0055	30	0	NA	field assessment	NA	NA
16436	LIMZNH0061	31	0	NA	field assessment	NA	NA
16436	LIMZNH0062	31	0	NA	field assessment	NA	NA
16436	LIMZNH0115	32	0	NA	field assessment	NA	NA
16436	LIMZNH0139	30	0	NA	field assessment	NA	NA
16436	LIMZNH0150	31	0	NA	field assessment	NA	NA
16436	LIMZNH0158	30	0	NA	field assessment	NA	NA
16436	LIMZNH0220	30	0	NA	field assessment	NA	NA
16436	LIMZNH0225	30	0	NA	field assessment	NA	NA
16436	LIMZNH0225	31	1	1	field assessment	NA	NA
16436	LIMZNH0231	30	0	NA	field assessment	NA	NA
16436	LIMZNH0338	28	1	1	field assessment	NA	NA
16436	LIMZNH0338	30	0	NA	field assessment	NA	NA
16436	LIMZNH0338	34	1	1	field assessment	NA	NA
16436	LIMZNH0356	30	0	NA	field assessment	NA	NA
16436	LIMZNH0404	30	0	NA	field assessment	NA	NA
16436	LIMZNH0405	30	0	NA	field assessment	NA	NA
16436	LIMZNH0406	30	0	NA	field assessment	NA	NA
16436	LIMZNH0407	30	0	NA	field assessment	NA	NA
16436	LIMZNH0408	30	0	NA	field assessment	NA	NA
16436	LIMZNH0432	30	1	1	field assessment	NA	NA
16436	LIMZNH0432	31	1	1	field assessment	NA	NA
16436	LIMZNH0477	30	1	1	field assessment	NA	NA
16436	LIMZNH0477	31	1	1	field assessment	NA	NA
16436	LIMZNH0477	32	1	1	field assessment	NA	NA
16436	LIMZNH0507	33	1	1	field assessment	NA	NA
16436	LIMZNH0508	30	1	1	field assessment	NA	NA
16436	LIMZNH0508	33	0	NA	field assessment	NA	NA
16436	LIMZNH0519	30	0	NA	field assessment	NA	NA
16436	LIMZNH0536	30	0	NA	field assessment	NA	NA
16436	OVLALT0109	30	0	NA	field assessment	NA	NA
16436	OVLALT0332	30	1	1	field assessment	NA	NA
16436	OVLALT0332	31	1	1	field assessment	NA	NA
16436	OVLBLE0018	32	1	1	field assessment	NA	NA
16436	OVLDEI0194	33	1	1	field assessment	NA	NA
16436	OVLDNL0075	33	0	NA	field assessment	NA	NA
16436	OVLDNL0080	33	0	NA	field assessment	NA	NA
16436	OVLDSB0184	33	1	1	field assessment	NA	NA
16436	OVLGNT0197	32	0	NA	field assessment	NA	NA
16436	OVLGNT0817	32	1	1	field assessment	NA	NA
16436	OVLLOK0354	33	1	1	field assessment	NA	NA
16436	OVLNAZ0048	32	0	0	field assessment	NA	NA
16436	OVLTEM0088	33	0	NA	field assessment	NA	NA
16436	OVLTEM0140	33	0	NA	field assessment	NA	NA
16436	VBRARS0544	30	0	NA	field assessment	NA	NA
16436	VBRBEG0217	30	0	NA	field assessment	NA	NA
16436	VBRHIL0031	32	0	NA	field assessment	NA	NA
16436	VBRKAM0057	32	1	1	field assessment	NA	NA
16436	VBRKRB0081	32	0	NA	field assessment	NA	NA
16436	VBROHV0050	33	0	NA	field assessment	NA	NA
16436	VBRSZI0197	30	0	NA	field assessment	NA	NA
16436	VBRSZI0213	33	1	1	field assessment	NA	NA
16436	VBRSZI0297	30	1	1	field assessment	NA	NA
16436	VBRSZI0297	33	1	1	field assessment	NA	NA
16436	VBRSZI0315	33	1	1	field assessment	NA	NA
16436	VBRSZI0433	30	0	NA	field assessment	NA	NA
16436	VBRTRV0025	33	0	NA	field assessment	NA	NA
16436	WVLBLA0081	21	0	NA	field assessment	NA	NA
16436	WVLBRD0031	21	0	NA	field assessment	NA	NA
16436	WVLDEH0013	21	NA	NA	NA	long term	NA
16436	WVLDEH0024	21	0	NA	field assessment	NA	NA
16436	WVLDEH0221	21	0	NA	field assessment	NA	NA
16436	WVLDEH0238	21	0	NA	field assessment	NA	NA
16436	WVLDEH0242	21	0	NA	field assessment	NA	NA
16436	WVLDEP0003	21	0	NA	field assessment	NA	NA
16436	WVLDEP0007	21	NA	NA	NA	long term	NA
16436	WVLDEP0008	21	0	NA	field assessment	NA	NA
16436	WVLDEP0074	21	0	NA	field assessment	NA	NA
16436	WVLDIK0153	32	0	NA	field assessment	NA	NA
16436	WVLDIK0187	32	0	NA	field assessment	NA	NA
16436	WVLDIK0219	32	0	NA	field assessment	NA	NA
16436	WVLDIK1044	32	0	NA	field assessment	NA	NA
16436	WVLHAR0110	33	0	NA	field assessment	NA	NA
16436	WVLHOU0087	30	0	NA	field assessment	NA	NA
16436	WVLHOU0157	33	0	NA	field assessment	NA	NA
16436	WVLKNO0011	21	NA	NA	NA	long term	NA
16436	WVLKNO0016	21	NA	NA	NA	long term	NA
16436	WVLKNO0197	21	NA	NA	NA	long term	NA
16436	WVLKNO0257	21	NA	NA	NA	long term	NA
16436	WVLKNO0271	21	0	NA	field assessment	NA	NA
16436	WVLKNO0284	21	0	NA	field assessment	NA	NA
16436	WVLKNO0288	21	0	NA	field assessment	NA	NA
16436	WVLKNO0289	21	0	NA	field assessment	NA	NA
16436	WVLKOK0021	21	NA	NA	NA	long term	NA
16436	WVLKOK0041	21	0	NA	field assessment	NA	NA
16436	WVLKOK0041	33	0	NA	field assessment	NA	NA
16436	WVLKOK0042	21	NA	NA	NA	long term	NA
16436	WVLKOK0049	21	0	NA	field assessment	NA	NA
16436	WVLKOK0075	21	0	NA	field assessment	NA	NA
16436	WVLKOK0098	21	0	NA	field assessment	NA	NA
16436	WVLKOK0114	21	0	NA	field assessment	NA	NA
16436	WVLKOK0133	21	0	NA	field assessment	NA	NA
16436	WVLKOK0150	21	0	NA	field assessment	NA	NA
16436	WVLKOK0172	21	NA	NA	NA	long term	NA
16436	WVLNWP0001	21	NA	NA	NA	long term	NA
16436	WVLNWP0077	21	0	NA	field assessment	NA	NA
16436	WVLOSK0186	33	0	NA	field assessment	NA	NA
16436	WVLZED0171	30	0	NA	field assessment	NA	NA
16801	ANTANT0383	33	1	1	field assessment	NA	NA
16801	ANTBAA0036	30	1	1	field assessment	NA	NA
16801	ANTBAA0036	32	1	1	field assessment	NA	NA
16801	ANTBCT0028	34	1	1	field assessment	NA	NA
16801	ANTBCT0231	34	1	1	field assessment	NA	NA
16801	ANTGEE0305	33	1	1	field assessment	NA	NA
16801	ANTHGS0196	30	1	1	field assessment	NA	NA
16801	ANTHGS0196	34	1	1	field assessment	NA	NA
16801	ANTHGS0622	30	1	1	field assessment	NA	NA
16801	ANTKAS0008	30	1	1	field assessment	NA	NA
16801	ANTKAS0030	30	1	1	field assessment	NA	NA
16801	ANTKAS0030	34	1	1	field assessment	NA	NA
16801	ANTKAS0033	34	1	1	field assessment	NA	NA
16801	ANTKAS0213	31	1	1	field assessment	NA	NA
16801	ANTKAS0213	33	1	1	field assessment	NA	NA
16801	ANTKAS0295	34	1	1	field assessment	NA	NA
16801	ANTKAS0501	30	1	1	field assessment	NA	NA
16801	ANTKON0018	33	0	0	field assessment	NA	NA
16801	ANTLIL0415	30	1	1	field assessment	NA	NA
16801	ANTLIL0415	31	1	1	field assessment	NA	NA
16801	ANTLIL0547	30	1	1	field assessment	NA	NA
16801	ANTMAL0275	31	1	1	field assessment	NA	NA
16801	ANTMEC0030	32	1	1	field assessment	NA	NA
16801	ANTMOL0066	32	1	1	field assessment	NA	NA
16801	ANTMOL0068	32	1	1	field assessment	NA	NA
16801	ANTMOL0099	31	1	1	field assessment	NA	NA
16801	ANTMOL0099	33	0	NA	field assessment	NA	NA
16801	ANTMOL0568	30	1	1	field assessment	NA	NA
16801	ANTMOL0568	31	1	1	field assessment	NA	NA
16801	ANTRAV0381	33	1	1	NA	long term	NA
16801	ANTRIJ0005	30	0	NA	field assessment	NA	NA
16801	ANTRIJ0005	31	1	1	field assessment	NA	NA
16801	ANTRIJ0030	31	0	NA	field assessment	NA	NA
16801	ANTRIJ0030	33	1	1	field assessment	NA	NA
16801	ANTRIJ0053	31	1	1	field assessment	NA	NA
16801	ANTZAN0122	31	1	1	field assessment	NA	NA
16801	ANTZAN0122	33	1	1	field assessment	NA	NA
16801	ANTZAN0176	33	1	1	field assessment	NA	NA
16801	LIMASS2024	34	1	1	field assessment	NA	NA
16801	LIMBIL0100	33	0	0	field assessment	NA	NA
16801	LIMBIL0336	31	1	1	field assessment	NA	NA
16801	LIMBIL0336	33	0	NA	field assessment	NA	NA
16801	LIMBRE0077	31	1	1	field assessment	NA	NA
16801	LIMBRE0077	33	0	NA	field assessment	NA	NA
16801	LIMBRE0285	30	1	1	field assessment	NA	NA
16801	LIMBRE0285	31	1	1	field assessment	NA	NA
16801	LIMBRE0285	33	0	NA	field assessment	NA	NA
16801	LIMDPB0158	30	0	NA	field assessment	NA	NA
16801	LIMDPB0158	31	1	1	field assessment	NA	NA
16801	LIMGNK0055	30	0	NA	field assessment	NA	NA
16801	LIMGNK0055	31	1	1	field assessment	NA	NA
16801	LIMGNK0103	30	1	1	field assessment	NA	NA
16801	LIMGNK0103	31	1	1	field assessment	NA	NA
16801	LIMGNK0142	30	1	1	field assessment	NA	NA
16801	LIMGNK0142	31	1	1	field assessment	NA	NA
16801	LIMGNK0167	30	0	0	field assessment	NA	NA
16801	LIMGNK0397	30	1	1	field assessment	NA	NA
16801	LIMGNK0397	31	1	1	field assessment	NA	NA
16801	LIMHAS0463	31	1	1	field assessment	NA	NA
16801	LIMHAS0482	30	1	1	field assessment	NA	NA
16801	LIMHAS0482	31	1	1	field assessment	NA	NA
16801	LIMHAS0619	30	1	1	field assessment	NA	NA
16801	LIMHAS0619	31	1	1	field assessment	NA	NA
16801	LIMHAS0619	32	1	1	field assessment	NA	NA
16801	LIMHHE0285	33	1	1	field assessment	NA	NA
16801	LIMLNK0018	33	1	1	field assessment	NA	NA
16801	LIMLNK0086	30	1	1	field assessment	NA	NA
16801	LIMLNK0086	34	1	1	field assessment	NA	NA
16801	LIMLNK0105	30	1	1	field assessment	NA	NA
16801	LIMLNK0237	30	1	1	field assessment	NA	NA
16801	LIMLNK0237	31	1	1	field assessment	NA	NA
16801	LIMLOM0211	30	1	1	field assessment	NA	NA
16801	LIMLOM0211	34	1	1	field assessment	NA	NA
16801	LIMLOM0467	31	1	1	field assessment	NA	NA
16801	LIMLOM0467	32	0	NA	field assessment	NA	NA
16801	LIMLOM0475	30	1	1	field assessment	NA	NA
16801	LIMLOM0475	31	1	1	field assessment	NA	NA
16801	LIMMGR0011	30	1	1	field assessment	NA	NA
16801	LIMMGR0011	31	1	1	field assessment	NA	NA
16801	LIMMGR0011	34	0	NA	field assessment	NA	NA
16801	LIMOVP0094	34	1	1	field assessment	NA	NA
16801	LIMWEL0154	32	0	0	field assessment	NA	NA
16801	LIMZNH0036	31	1	1	field assessment	NA	NA
16801	LIMZNH0036	33	0	NA	field assessment	NA	NA
16801	LIMZNH0065	30	1	1	field assessment	NA	NA
16801	LIMZNH0065	31	1	1	field assessment	NA	NA
16801	LIMZNH0065	33	0	NA	field assessment	NA	NA
16801	LIMZNH0127	30	0	0	field assessment	NA	NA
16801	LIMZNH0206	31	1	1	field assessment	NA	NA
16801	LIMZNH0206	33	0	NA	field assessment	NA	NA
16801	LIMZNH0304	30	0	0	field assessment	NA	NA
16801	LIMZUT0080	30	1	1	field assessment	NA	NA
16801	LIMZUT0080	32	1	1	field assessment	NA	NA
16801	OVLMOE0016	33	1	1	field assessment	NA	NA
16801	OVLSTK0268	30	1	1	field assessment	NA	NA
16801	OVLSTK0268	32	1	1	field assessment	NA	NA
16801	VBRKAM0021	32	1	1	field assessment	NA	NA
16801	VBRKAM0120	32	0	0	field assessment	NA	NA
16801	VBRSZI0243	33	1	1	field assessment	NA	NA
16801	VBRSZI0435	33	1	1	field assessment	NA	NA
16801	WVLKNO0014	21	1	1	field assessment	NA	NA
16801	WVLOSK0532	33	1	1	field assessment	NA	NA
17167	ANTARE0025	30	1	1	field assessment	NA	NA
17167	ANTBAA0044	31	1	1	field assessment	NA	NA
17167	ANTBAA0044	33	0	NA	field assessment	NA	NA
17167	ANTBAL0373	33	1	1	field assessment	NA	NA
17167	ANTBAL0505	33	1	1	field assessment	NA	NA
17167	ANTBAL0592	33	1	1	field assessment	NA	NA
17167	ANTBAL0595	33	1	1	field assessment	NA	NA
17167	ANTESS0009	30	1	1	field assessment	NA	NA
17167	ANTESS0062	30	1	1	NA	long term	NA
17167	ANTESS0062	34	1	1	NA	long term	NA
17167	ANTGEE0046	33	1	1	field assessment	NA	NA
17167	ANTGEE0107	30	1	1	field assessment	NA	NA
17167	ANTGEE0107	31	1	1	field assessment	NA	NA
17167	ANTGEE0107	33	1	1	field assessment	NA	NA
17167	ANTGEE0126	30	1	1	field assessment	NA	NA
17167	ANTGEE0126	33	1	1	field assessment	NA	NA
17167	ANTGEE0193	33	1	1	field assessment	NA	NA
17167	ANTHTS0097	30	1	1	field assessment	NA	NA
17167	ANTHTS0097	34	1	1	field assessment	NA	NA
17167	ANTKAL0247	34	1	1	field assessment	NA	NA
17167	ANTKAL0269	34	1	1	field assessment	NA	NA
17167	ANTKAS0268	30	1	1	field assessment	NA	NA
17167	ANTLIL0004	30	1	1	field assessment	NA	NA
17167	ANTLIL0004	32	1	1	field assessment	NA	NA
17167	ANTMEC0257	33	1	1	field assessment	NA	NA
17167	ANTMOL0089	30	0	NA	field assessment	NA	NA
17167	ANTMOL0089	32	1	1	field assessment	NA	NA
17167	ANTMOL0089	33	1	1	field assessment	NA	NA
17167	ANTOTH0324	30	1	1	field assessment	NA	NA
17167	ANTRAV0297	30	1	1	field assessment	NA	NA
17167	ANTRAV0297	34	1	1	field assessment	NA	NA
17167	ANTRAV0369	30	1	1	field assessment	NA	NA
17167	ANTWUU0140	30	1	1	field assessment	NA	NA
17167	ANTZAN0172	33	0	0	field assessment	NA	NA
17167	ANTZAN0175	31	1	1	field assessment	NA	NA
17167	ANTZAN0175	33	1	1	field assessment	NA	NA
17167	LIMGNK0081	30	0	NA	field assessment	NA	NA
17167	LIMGNK0081	31	1	1	field assessment	NA	NA
17167	LIMGNK0118	30	0	NA	field assessment	NA	NA
17167	LIMGNK0118	31	1	1	field assessment	NA	NA
17167	LIMGNK0180	30	0	NA	field assessment	NA	NA
17167	LIMGNK0180	31	1	1	field assessment	NA	NA
17167	LIMGNK0180	33	0	NA	field assessment	NA	NA
17167	LIMHAS0103	33	1	1	field assessment	NA	NA
17167	LIMHAS0281	30	1	1	field assessment	NA	NA
17167	LIMHAS0281	33	1	1	field assessment	NA	NA
17167	LIMHEC0128	33	1	1	field assessment	NA	NA
17167	LIMHHE0330	30	1	1	field assessment	NA	NA
17167	LIMHLN0068	33	1	1	field assessment	NA	NA
17167	LIMKIN0231	33	1	1	field assessment	NA	NA
17167	LIMLOM0030	30	1	1	field assessment	NA	NA
17167	LIMLOM0239	30	1	1	field assessment	NA	NA
17167	LIMMSK0134	30	0	NA	field assessment	NA	NA
17167	LIMMSK0134	31	1	1	field assessment	NA	NA
17167	LIMMSK0134	32	1	1	field assessment	NA	NA
17167	LIMMSK0151	33	1	1	field assessment	NA	NA
17167	LIMMSK0456	33	1	1	field assessment	NA	NA
17167	LIMNEE0011	34	1	1	field assessment	NA	NA
17167	LIMTON0188	32	1	1	field assessment	NA	NA
17167	LIMZNH0374	30	1	1	field assessment	NA	NA
17167	LIMZNH0374	34	1	1	field assessment	NA	NA
17167	LIMZNH0563	30	1	1	field assessment	NA	NA
17167	LIMZNH0563	32	1	1	field assessment	NA	NA
17167	OVLBLE0139	33	1	1	field assessment	NA	NA
17167	OVLBVN0466	32	1	1	field assessment	NA	NA
17167	OVLLOK0063	33	1	1	field assessment	NA	NA
17167	OVLSIN0011	33	1	1	field assessment	NA	NA
17167	OVLSIN0269	32	1	1	field assessment	NA	NA
17167	VBRARS0370	30	1	1	field assessment	NA	NA
17167	VBRARS0370	32	1	1	field assessment	NA	NA
17167	VBRARS0370	33	1	1	field assessment	NA	NA
17167	VBRDIE0220	33	1	1	field assessment	NA	NA
17167	VBRDIE0330	33	1	1	field assessment	NA	NA
17167	WVLBRD0077	21	1	1	field assessment	NA	NA
17167	WVLBRU0368	21	1	1	field assessment	NA	NA
17167	WVLBRU0374	21	1	1	field assessment	NA	NA
17167	WVLDAM0090	33	1	1	field assessment	NA	NA
17167	WVLDEH0220	21	1	1	field assessment	NA	NA
17167	WVLDEP0070	21	1	1	field assessment	NA	NA
17167	WVLDEP0075	21	1	1	field assessment	NA	NA
17167	WVLDIK0136	33	1	1	field assessment	NA	NA
17167	WVLDIK1027	33	1	1	field assessment	NA	NA
17167	WVLHOU0561	30	1	1	field assessment	NA	NA
17167	WVLKNO0058	21	1	1	field assessment	NA	NA
17167	WVLKNO0061	21	1	1	field assessment	NA	NA
17167	WVLKNO0205	21	1	1	field assessment	NA	NA
17167	WVLKNO0265	21	1	1	field assessment	NA	NA
17167	WVLKNO0388	21	1	1	field assessment	NA	NA
17167	WVLKOK0028	21	1	1	field assessment	NA	NA
17167	WVLNWP0026	21	1	1	field assessment	NA	NA
17167	WVLNWP0032	21	1	1	field assessment	NA	NA
17167	WVLOSK0053	33	1	1	field assessment	NA	NA
17167	WVLOSK0526	33	1	1	field assessment	NA	NA
17532	ANTBRS0178	30	1	1	field assessment	NA	NA
17532	ANTKAL0288	34	1	1	field assessment	NA	NA
17532	ANTKAS0474	30	1	1	field assessment	NA	NA
17532	ANTSIL0322	30	1	1	field assessment	NA	NA
17532	LIMHEC0537	30	1	1	field assessment	NA	NA
17532	VBRARS0052	30	1	1	field assessment	NA	NA
17532	VBRARS0052	33	1	1	field assessment	NA	NA
17532	WVLBLA0206	21	1	1	field assessment	NA	NA
17532	WVLBRD0035	21	1	1	field assessment	NA	NA
17532	WVLBRD0039	21	1	1	field assessment	NA	NA
17532	WVLBRD0089	21	1	1	field assessment	NA	NA
17532	WVLBRU0369	21	1	1	field assessment	NA	NA
17532	WVLDEH0011	21	1	1	field assessment	NA	NA
17532	WVLDEH0012	21	1	1	field assessment	NA	NA
17532	WVLDEP0012	21	1	1	field assessment	NA	NA
17532	WVLDEP0047	21	1	1	field assessment	NA	NA
17532	WVLDEP0051	21	1	1	field assessment	NA	NA
17532	WVLDEP0057	21	1	1	field assessment	NA	NA
17532	WVLDEP0058	21	1	1	field assessment	NA	NA
17532	WVLDEP0061	21	1	1	field assessment	NA	NA
17532	WVLDEP0065	21	1	1	field assessment	NA	NA
17532	WVLDEP0067	21	1	1	field assessment	NA	NA
17532	WVLDEP0073	21	1	1	field assessment	NA	NA
17532	WVLDEP0097	21	1	1	field assessment	NA	NA
17532	WVLDEP0119	21	1	1	field assessment	NA	NA
17532	WVLDEP0167	21	1	1	field assessment	NA	NA
17532	WVLKNO0002	21	1	1	field assessment	NA	NA
17532	WVLKNO0003	21	1	1	field assessment	NA	NA
17532	WVLKNO0019	21	1	1	field assessment	NA	NA
17532	WVLKNO0020	21	1	1	field assessment	NA	NA
17532	WVLKNO0022	21	1	1	field assessment	NA	NA
17532	WVLKNO0025	21	1	1	field assessment	NA	NA
17532	WVLKNO0028	21	1	1	field assessment	NA	NA
17532	WVLKNO0039	21	1	1	field assessment	NA	NA
17532	WVLKNO0065	21	1	1	field assessment	NA	NA
17532	WVLKNO0275	21	1	1	field assessment	NA	NA
17532	WVLKNO0280	21	1	1	field assessment	NA	NA
17532	WVLKNO0283	21	1	1	field assessment	NA	NA
17532	WVLKNO0365	21	1	1	field assessment	NA	NA
17532	WVLKNO0380	21	1	1	field assessment	NA	NA
17532	WVLKOK0001	21	1	1	field assessment	NA	NA
17532	WVLKOK0010	21	1	1	field assessment	NA	NA
17532	WVLKOK0017	21	1	1	field assessment	NA	NA
17532	WVLKOK0065	21	1	1	field assessment	NA	NA
17532	WVLKOK0125	21	1	1	field assessment	NA	NA
17532	WVLMID0075	21	1	1	field assessment	NA	NA
17532	WVLMID0089	21	1	1	field assessment	NA	NA
17532	WVLMID0135	21	1	1	field assessment	NA	NA
17532	WVLMID0136	21	1	1	field assessment	NA	NA
17532	WVLMID0204	21	1	1	field assessment	NA	NA
17532	WVLMID0220	21	1	1	field assessment	NA	NA
17532	WVLNWP0009	21	1	1	field assessment	NA	NA
19752	403930_v2020	30	0	0	orthophoto	NA	NA
19752	454362_v2014	33	0	0	orthophoto	NA	NA
19752	511991_v2018	33	0	0	orthophoto	NA	NA
19752	683951_v2014	32	0	0	orthophoto	NA	NA
19752	ANTBCT0319	34	0	0	orthophoto	NA	NA
19752	ANTBCT0529	34	0	0	orthophoto	NA	NA
19752	ANTBCT0572	31	0	0	orthophoto	NA	NA
19752	ANTBSE0321	30	0	0	orthophoto	NA	NA
19752	ANTBSE0334	NA	NA	NA	NA	long term	NA
19752	ANTESS0062	NA	NA	NA	NA	long term	NA
19752	ANTKAS0201	33	0	0	orthophoto	NA	NA
19752	LIMHVL0092	NA	NA	NA	NA	long term	NA
19752	LIMHVL0144	NA	NA	NA	NA	long term	NA
19752	LIMNEE0147	34	0	0	orthophoto	NA	NA
19752	LIMZNH0220	33	0	0	orthophoto	NA	NA
19752	LIMZNH0539	33	0	0	orthophoto	NA	NA
19752	WVLDEP0007	21	NA	NA	NA	long term	NA
19752	WVLDIK1039	33	0	0	orthophoto	NA	NA
