"recording_givid";"user_reference";"location_code";"latitude";"longitude";"area";"survey_id";"name";"needs_work";"description";"vague_date_type";"vague_date_begin";"vague_date_end";"ID"
"IV2013070514353929";"BV12/086";"Paardeschor (NOP) (Schelde)";500;500;"16";21;"Classic";0;"Londo (1) volledig";"D";"2012-09-25";"2012-09-25";"ZSCPQ274"
"IV2013070514565804";"BV12/087";"Paardeschor (NOP) (Schelde)";500;500;"16";21;"Classic";0;"Londo (1) volledig";"D";"2012-09-25";"2012-09-25";"ZSCPQ275"
"IV2013070515045697";"BV12/088";"Paardeschor (NOP) (Schelde)";500;500;"16";21;"Classic";0;"Londo (1) volledig";"D";"2012-09-25";"2012-09-25";"ZSCPQ276"
"IV2013070515115854";"BV12/089";"Paardeschor (NOP) (Schelde)";500;500;"16";21;"Classic";0;"Londo (1) volledig";"D";"2012-09-25";"2012-09-25";"ZSCPQ277"
"IV2013070515292304";"BV12/091";"Paardeschor (NOP) (Schelde)";500;500;"16";21;"Classic";0;"Londo (1) volledig";"D";"2012-09-25";"2012-09-25";"ZSCPQ278"
"IV2013070515363839";"BV12/090";"Paardeschor (NOP) (Schelde)";500;500;"16";21;"Classic";0;"Londo (1) volledig";"D";"2012-09-25";"2012-09-25";"ZSCPQ279"
"IV2013070515415608";"BV12/092";"Paardeschor (NOP) (Schelde)";500;500;"16";21;"Classic";0;NA;NA;NA;NA;"ZSCPQ280"
"IV2013070515451409";"BV12/093";"Paardeschor (NOP) (Schelde)";500;500;"16";21;"Classic";0;"Londo (1) volledig";"D";"2012-09-25";"2012-09-25";"ZSCPQ281"
"IV2013070515513858";"BV12/094";"Paardeschor (NOP) (Schelde)";500;500;"16";21;"Classic";0;"Londo (1) volledig";"D";"2012-09-25";"2012-09-25";"ZSCPQ282"
"IV2013070515583172";"BV12/095";"Paardeschor (NOP) (Schelde)";500;500;"16";21;"Classic";0;"Londo (1) volledig";"D";"2012-09-25";"2012-09-25";"ZSCPQ283"
"IV2013070516010967";"BV12/096";"Paardeschor (NOP) (Schelde)";500;500;"16";21;"Classic";0;"Londo (1) volledig";"D";"2012-09-25";"2012-09-25";"ZSCPQ284"
"IV2013070516102904";"BV12/097";"Paardeschor (NOP) (Schelde)";500;500;"16";21;"Classic";0;"Londo (1) volledig";"D";"2012-09-25";"2012-09-25";"ZSCPQ285"
"IV2013070516275106";"BV12/098";"Ketenissepolder N (NOP) (Schelde)";500;500;"9";21;"Classic";0;"Londo (1) volledig";"D";"2012-09-26";"2012-09-26";"ZSCPQ222"
"IV2013070908524962";"BV12/099";"Ketenissepolder N (NOP) (Schelde)";500;500;"9";21;"Classic";0;"Londo (1) volledig";"D";"2012-09-26";"2012-09-26";"ZSCPQ223"
"IV2013070908573073";"BV12/100";"Ketenissepolder N (NOP) (Schelde)";500;500;"9";21;"Classic";0;"Londo (1) volledig";"D";"2012-09-26";"2012-09-26";"ZSCPQ225"
"IV2013070909002478";"BV12/101";"Ketenissepolder N (NOP) (Schelde)";500;500;"9";21;"Classic";0;"Londo (1) volledig";"D";"2012-09-26";"2012-09-26";"ZSCPQ226"
"IV2013070909043060";"BV12/102";"Ketenissepolder N (NOP) (Schelde)";500;500;"9";21;"Classic";0;"Londo (1) volledig";"D";"2012-09-26";"2012-09-26";"ZSCPQ227"
"IV2013070909072746";"BV12/103";"Ketenissepolder N (NOP) (Schelde)";500;500;"9";21;"Classic";0;"Londo (1) volledig";"D";"2012-09-26";"2012-09-26";"ZSCPQ228"
"IV2013070909104301";"BV12/104";"Ketenissepolder N (NOP) (Schelde)";500;500;"9";21;"Classic";0;"Londo (1) volledig";"D";"2012-09-26";"2012-09-26";"ZSCPQ230"
"IV2013070909141149";"BV12/105";"Ketenissepolder N (NOP) (Schelde)";500;500;"9";21;"Classic";0;"Londo (1) volledig";"D";"2012-09-26";"2012-09-26";"ZSCPQ231"
"IV2013070909163239";"BV12/106";"Ketenissepolder N (NOP) (Schelde)";500;500;"9";21;"Classic";0;"Londo (1) volledig";"D";"2012-09-26";"2012-09-26";"ZSCPQ232"
"IV2013070909202401";"BV12/108";"Ketenissepolder N (NOP) (Schelde)";500;500;"9";21;"Classic";0;"Londo (1) volledig";"D";"2012-09-26";"2012-09-26";"ZSCPQ233"
"IV2013070909254090";"BV12/107";"Ketenissepolder N (NOP) (Schelde)";500;500;"9";21;"Classic";0;"Londo (1) volledig";"D";"2012-09-26";"2012-09-26";"ZSCPQ234"
"IV2013070909273869";"BV12/109";"Ketenissepolder N (NOP) (Schelde)";500;500;"9";21;"Classic";0;"Londo (1) volledig";"D";"2012-09-26";"2012-09-26";"ZSCPQ235"
"IV2013070909304619";"BV12/110";"Ketenissepolder N (NOP) (Schelde)";500;500;"9";21;"Classic";0;"Londo (1) volledig";"D";"2012-09-26";"2012-09-26";"ZSCPQ236"
"IV2013070909341303";"BV12/111";"Ketenissepolder N (NOP) (Schelde)";500;500;"4";21;"Classic";0;"Londo (1) volledig";"D";"2012-09-28";"2012-09-28";"ZSCPQ224"
"IV2013070909483015";"BV12/114";"Ketenissepolder N (NOP) (Schelde)";500;500;"9";21;"Classic";0;"Londo (1) volledig";"D";"2012-09-28";"2012-09-28";"ZSCPQ237"
"IV2013070909572092";"BV12/113";"Ketenissepolder N (NOP) (Schelde)";500;500;"9";21;"Classic";0;"Londo (1) volledig";"D";"2012-09-28";"2012-09-28";"ZSCPQ238"
"IV2013070910004494";"BV12/112";"Ketenissepolder N (NOP) (Schelde)";500;500;"16";21;"Classic";0;"Londo (1) volledig";"D";"2012-09-28";"2012-09-28";"ZSCPQ239"
"IV2013070910033601";"BV12/115";"Ketenissepolder N (NOP) (Schelde)";500;500;"9";21;"Classic";0;"Londo (1) volledig";"D";"2012-10-03";"2012-10-03";"ZSCPQ229"
"IV2013070910074952";"BV12/116";"Ketenissepolder Z (NOP) (Schelde)";500;500;"9";21;"Classic";0;"Londo (1) volledig";"D";"2012-10-03";"2012-10-03";"ZSCPQ240"
"IV2013070910125132";"BV12/117";"Ketenissepolder Z (NOP) (Schelde)";500;500;"9";21;"Classic";0;"Londo (1) volledig";"D";"2012-10-03";"2012-10-03";"ZSCPQ241"
"IV2013070910180541";"BV12/119";"Ketenissepolder Z (NOP) (Schelde)";500;500;"9";21;"Classic";0;"Londo (1) volledig";"D";"2012-10-03";"2012-10-03";"ZSCPQ242"
"IV2013070910213880";"BV12/120";"Ketenissepolder Z (NOP) (Schelde)";500;500;"9";21;"Classic";0;"Londo (1) volledig";"D";"2012-10-03";"2012-10-03";"ZSCPQ243"
"IV2013070910265522";"BV12/121";"Ketenissepolder Z (NOP) (Schelde)";500;500;"9";21;"Classic";0;"Londo (1) volledig";"D";"2012-10-03";"2012-10-03";"ZSCPQ244"
"IV2013070910322160";"BV12/118";"Ketenissepolder Z (NOP) (Schelde)";500;500;"9";21;"Classic";0;"Londo (1) volledig";"D";"2012-10-02";"2012-10-02";"ZSCPQ245"
"IV2013070910360565";"BV12/123";"Ketenissepolder Z (NOP) (Schelde)";500;500;"9";21;"Classic";0;"Londo (1) volledig";"D";"2012-10-08";"2012-10-08";"ZSCPQ247"
"IV2013070910395841";"BV12/124";"Ketenissepolder Z (NOP) (Schelde)";500;500;"9";21;"Classic";0;"Londo (1) volledig";"D";"2012-10-08";"2012-10-08";"ZSCPQ248"
"IV2013070910420382";"BV12/127";"Ketenissepolder Z (NOP) (Schelde)";500;500;"9";21;"Classic";0;"Londo (1) volledig";"D";"2012-10-08";"2012-10-08";"ZSCPQ249"
"IV2013070910441516";"BV12/128";"Ketenissepolder Z (NOP) (Schelde)";500;500;"9";21;"Classic";0;"Londo (1) volledig";"D";"2012-10-08";"2012-10-08";"ZSCPQ250"
"IV2013070910465521";"BV12/129";"Ketenissepolder Z (NOP) (Schelde)";500;500;"9";21;"Classic";0;"Londo (1) volledig";"D";"2012-10-08";"2012-10-08";"ZSCPQ251"
"IV2013070910491731";"BV12/126";"Ketenissepolder Z (NOP) (Schelde)";500;500;"9";21;"Classic";0;"Londo (1) volledig";"D";"2012-10-08";"2012-10-08";"ZSCPQ252"
"IV2013070910520513";"BV12/125";"Ketenissepolder Z (NOP) (Schelde)";500;500;"9";21;"Classic";0;"Londo (1) volledig";"D";"2012-10-08";"2012-10-08";"ZSCPQ253"
"IV2013070910553571";"BV12/130";"Ketenissepolder Z (NOP) (Schelde)";500;500;"9";21;"Classic";0;"Londo (1) volledig";"D";"2012-10-08";"2012-10-08";"ZSCPQ254"
"IV2013070910591004";"BV12/131";"Ketenissepolder Z (NOP) (Schelde)";500;500;"9";21;"Classic";0;"Londo (1) volledig";"D";"2012-10-08";"2012-10-08";"ZSCPQ255"
"IV2013070911053536";"BV12/132";"Ketenissepolder Z (NOP) (Schelde)";500;500;"9";21;"Classic";0;"Londo (1) volledig";"D";"2012-10-08";"2012-10-08";"ZSCPQ256"
"IV2013070911081081";"BV12/133";"Ketenissepolder Z (NOP) (Schelde)";500;500;"9";21;"Classic";0;"Londo (1) volledig";"D";"2012-10-08";"2012-10-08";"ZSCPQ257"
"IV2013070911110327";"BV12/134";"Ketenissepolder Z (NOP) (Schelde)";500;500;"9";21;"Classic";0;"Londo (1) volledig";"D";"2012-10-08";"2012-10-08";"ZSCPQ258"
"IV2013070911132671";"BV12/135";"Ketenissepolder Z (NOP) (Schelde)";500;500;"9";21;"Classic";0;"Londo (1) volledig";"D";"2012-10-08";"2012-10-08";"ZSCPQ259"
"IV2013070911181376";"BV12/141";"Paardeschor (NOP) (Schelde)";500;500;"16";21;"Classic";0;"Londo (1) volledig";"D";"2012-10-10";"2012-10-10";"ZSCPQ273"
"IV2013070911203143";"BV12/142";"Paardeschor (NOP) (Schelde)";500;500;"16";21;"Classic";0;"Londo (1) volledig";"D";"2012-10-10";"2012-10-10";"ZSCPQ302"
"IV2013070913454269";"BV12/122";"Ketenissepolder Z (NOP) (Schelde)";500;500;"9";21;"Classic";0;"Londo (1) volledig";"D";"2012-10-08";"2012-10-08";"ZSCPQ246"
"IV2013070914091634";"BV12/003";"Paddebeek (NOP) (Schelde)";500;500;"4";21;"Classic";0;"Londo (1) volledig";"D";"2012-08-16";"2012-08-16";"ZSCPQ260"
"IV2013070914483614";"BV12/004";"Paddebeek (NOP) (Schelde)";500;500;"4";21;"Classic";0;"Londo (1) volledig";"D";"2012-08-16";"2012-08-16";"ZSCPQ261"
"IV2013070915001584";"BV12/005";"Paddebeek (NOP) (Schelde)";500;500;"9";21;"Classic";0;"Londo (1) volledig";"D";"2012-08-16";"2012-08-16";"ZSCPQ262"
"IV2013070915132341";"BV12/006";"Paddebeek (NOP) (Schelde)";500;500;"8";21;"Classic";0;"Londo (1) volledig";"D";"2012-08-16";"2012-08-16";"ZSCPQ263"
"IV2013070915261755";"BV12/007";"Paddebeek (NOP) (Schelde)";500;500;"8";21;"Classic";0;"Londo (1) volledig";"D";"2012-08-16";"2012-08-16";"ZSCPQ268"
"IV2013070915330308";"BV12/008";"Paddebeek (NOP) (Schelde)";500;500;"9";21;"Classic";0;"Londo (1) volledig";"D";"2012-08-16";"2012-08-16";"ZSCPQ267"
"IV2013070915552934";"BV12/009";"Paddebeek (NOP) (Schelde)";500;500;"9";21;"Classic";0;"Londo (1) volledig";"D";"2012-08-16";"2012-08-16";"ZSCPQ266"
"IV2013070916144167";"BV12/010";"Paddebeek (NOP) (Schelde)";500;500;"4";21;"Classic";0;"Londo (1) volledig";"D";"2012-08-16";"2012-08-16";"ZSCPQ269"
"IV2013070916324458";"BV12/011";"Paddebeek (NOP) (Schelde)";500;500;"4";21;"Classic";0;"Londo (1) volledig";"D";"2012-08-16";"2012-08-16";"ZSCPQ270"
"IV2013070916471964";"BV12/012";"Paddebeek (NOP) (Schelde)";500;500;"9";21;"Classic";0;"Londo (1) volledig";"D";"2012-08-16";"2012-08-16";"ZSCPQ271"
"IV2013071008525294";"BV12/013";"Paddebeek (NOP) (Schelde)";500;500;"8";21;"Classic";0;"Londo (1) volledig";"D";"2012-08-16";"2012-08-16";"ZSCPQ272"
"IV2013071009144800";"BV12/015";"Paddebeek (NOP) (Schelde)";500;500;"4";21;"Classic";0;"Londo (1) volledig";"D";"2012-08-16";"2012-08-16";"ZSCPQ265"
"IV2013071009451568";"BV12/016";"Paddebeek (NOP) (Schelde)";500;500;"4";21;"Classic";0;"Londo (1) volledig";"D";"2012-08-16";"2012-08-16";"ZSCPQ264"
"IV2013071009494357";"BV12/017";"Heusden LO (NOP) (Schelde)";500;500;"9";21;"Classic";0;"Londo (1) volledig";"D";"2012-08-22";"2012-08-22";"ZSCPQ286"
"IV2013071009551923";"BV12/018";"Heusden LO (NOP) (Schelde)";500;500;"9";21;"Classic";0;"Londo (1) volledig";"D";"2012-08-22";"2012-08-22";"ZSCPQ287"
"IV2013071010013505";"BV12/019";"Heusden LO (NOP) (Schelde)";500;500;"9";21;"Classic";0;"Londo (1) volledig";"D";"2012-08-22";"2012-08-22";"ZSCPQ289"
"IV2013071010194558";"BV12/020";"Heusden LO (NOP) (Schelde)";500;500;"9";21;"Classic";0;"Londo (1) volledig";"D";"2012-08-22";"2012-08-22";"ZSCPQ288"
"IV2013071010285193";"BV12/021";"Heusden LO (NOP) (Schelde)";500;500;"9";21;"Classic";0;"Londo (1) volledig";"D";"2012-08-22";"2012-08-22";"ZSCPQ290"
"IV2013071010382546";"BV12/022";"Heusden LO (NOP) (Schelde)";500;500;"9";21;"Classic";0;"Londo (1) volledig";"D";"2012-08-22";"2012-08-22";"ZSCPQ291"
"IV2013071010463791";"BV12/023";"Heusden LO (NOP) (Schelde)";500;500;"9";21;"Classic";0;"Londo (1) volledig";"D";"2012-08-22";"2012-08-22";"ZSCPQ292"
"IV2013071010533661";"BV12/024";"Heusden LO (NOP) (Schelde)";500;500;"9";21;"Classic";0;"Londo (1) volledig";"D";"2012-08-22";"2012-08-22";"ZSCPQ293"
"IV2013071011023143";"BV12/025";"Heusden LO (NOP) (Schelde)";500;500;"9";21;"Classic";0;"Londo (1) volledig";"D";"2012-08-22";"2012-08-22";"ZSCPQ294"
"IV2013071011202189";"BV12/026";"Heusden LO (NOP) (Schelde)";500;500;"9";21;"Classic";0;"Londo (1) volledig";"D";"2012-08-22";"2012-08-22";"ZSCPQ295"
"IV2013071011522912";"BV12/028";"Heusden LO (NOP) (Schelde)";500;500;"100";21;"Classic";0;"Londo (1) volledig";"D";"2012-08-23";"2012-08-23";"ZSCPQ301"
"IV2013071012020294";"BV12/029";"Heusden LO (NOP) (Schelde)";500;500;"9";21;"Classic";0;"Londo (1) volledig";"D";"2012-08-23";"2012-08-23";"ZSCPQ299"
"IV2013071012545945";"BV12/031";"Heusden LO (NOP) (Schelde)";500;500;"9";21;"Classic";0;"Londo (1) volledig";"D";"2012-08-23";"2012-08-23";"ZSCPQ298"
"IV2013071013072883";"BV12/032";"Heusden LO (NOP) (Schelde)";500;500;"9";21;"Classic";0;"Londo (1) volledig";"D";"2012-08-23";"2012-08-23";"ZSCPQ296"
"IV2013071013441062";"BV12/033";"Heusden LO (NOP) (Schelde)";500;500;"64";21;"Classic";0;"Londo (1) volledig";"D";"2012-08-23";"2012-08-23";"ZSCPQ297"
"IV2013071013504000";"BV12/034";"Heusden LO (NOP) (Schelde)";500;500;"9";21;"Classic";0;"Londo (1) volledig";"D";"2012-08-23";"2012-08-23";"ZSCPQ300"
"IV2013101411571056";"WM13/001";"Potpolder Lillo (NOP) (Schelde)";500;500;"16";21;"Classic";0;"Londo (1) volledig";"D";"2013-10-07";"2013-10-07";"ZSCPQ303"
"IV2013101412094567";"WM13/002";"Potpolder Lillo (NOP) (Schelde)";500;500;"16";21;"Classic";0;NA;NA;NA;NA;"ZSCPQ304"
"IV2013101412124411";"WM13/003";"Potpolder Lillo (NOP) (Schelde)";500;500;"16";21;"Classic";0;NA;NA;NA;NA;"ZSCPQ305"
"IV2013101412215753";"WM13/004";"Potpolder Lillo (NOP) (Schelde)";500;500;NA;21;"Classic";0;"Londo (1) volledig";"D";"2013-10-07";"2013-10-07";"ZSCPQ306"
"IV2013101412250708";"WM13/005";"Potpolder Lillo (NOP) (Schelde)";500;500;"16";21;"Classic";0;"Londo (1) volledig";"D";"2013-10-07";"2013-10-07";"ZSCPQ307"
"IV2013101412274167";"WM13/006";"Potpolder Lillo (NOP) (Schelde)";500;500;"16";21;"Classic";0;NA;NA;NA;NA;"ZSCPQ308"
"IV2013101412284780";"WM13/007";"Potpolder Lillo (NOP) (Schelde)";500;500;"16";21;"Classic";0;NA;NA;NA;NA;"ZSCPQ309"
"IV2013101412325096";"WM13/008";"Potpolder Lillo (NOP) (Schelde)";500;500;"16";21;"Classic";0;NA;NA;NA;NA;"ZSCPQ310"
"IV2013101412334860";"WM13/009";"Potpolder Lillo (NOP) (Schelde)";500;500;"16";21;"Classic";0;NA;NA;NA;NA;"ZSCPQ311"
"IV2013101412352991";"WM13/010";"Potpolder Lillo (NOP) (Schelde)";500;500;"16";21;"Classic";0;NA;NA;NA;NA;"ZSCPQ312"
"IV2013101412401740";"WM13/011";"Potpolder Lillo (NOP) (Schelde)";500;500;"16";21;"Classic";0;NA;NA;NA;NA;"ZSCPQ313"
"IV2013101412450936";"WM13/012";"Potpolder Lillo (NOP) (Schelde)";500;500;"16";21;"Classic";0;"Londo (1) volledig";"D";"2013-10-07";"2013-10-07";"ZSCPQ314"
"IV2013101412473922";"WM13/013";"Potpolder Lillo (NOP) (Schelde)";500;500;"16";21;"Classic";0;NA;NA;NA;NA;"ZSCPQ315"
"IV2013101412493639";"WM13/014";"Potpolder Lillo (NOP) (Schelde)";500;500;"16";21;"Classic";0;NA;NA;NA;NA;"ZSCPQ316"
"IV2013101412510543";"WM13/015";"Potpolder Lillo (NOP) (Schelde)";500;500;"16";21;"Classic";0;NA;NA;NA;NA;"ZSCPQ317"
"IV2013101412524574";"WM13/016";"Potpolder Lillo (NOP) (Schelde)";500;500;"16";21;"Classic";0;NA;NA;NA;NA;"ZSCPQ318"
"IV2013101412551687";"WM13/017";"Potpolder Lillo (NOP) (Schelde)";500;500;"16";21;"Classic";0;NA;NA;NA;NA;"ZSCPQ319"
"IV2013101412563839";"WM13/018";"Potpolder Lillo (NOP) (Schelde)";500;500;"16";21;"Classic";0;NA;NA;NA;NA;"ZSCPQ320"
"IV2013101412583188";"WM13/019";"Potpolder Lillo (NOP) (Schelde)";500;500;"16";21;"Classic";0;NA;NA;NA;NA;"ZSCPQ321"
"IV2013101412593895";"WM13/020";"Potpolder Lillo (NOP) (Schelde)";500;500;"16";21;"Classic";0;NA;NA;NA;NA;"ZSCPQ322"
"IV2013101413012381";"WM13/021";"Potpolder Lillo (NOP) (Schelde)";500;500;"16";21;"Classic";0;NA;NA;NA;NA;"ZSCPQ323"
"IV2013101413021951";"WM13/022";"Potpolder Lillo (NOP) (Schelde)";500;500;"16";21;"Classic";0;NA;NA;NA;NA;"ZSCPQ324"
"IV2013101413532478";"WM13/023";"Potpolder Lillo (NOP) (Schelde)";500;500;"16";21;"Classic";0;NA;NA;NA;NA;"ZSCPQ325"
"IV2013112012335764";"BV13/062";"Scheldeschoor (Schelde)";500;500;"100";21;"Classic";0;"Londo (1) volledig";"D";"2013-09-09";"2013-09-09";"ZSCPQ042"
"IV2013112013391754";"BV13/061";"Brede Schoren (Schelde)";500;500;"100";21;"Classic";0;"Londo (1) volledig";"D";"2013-09-09";"2013-09-09";"ZSCPQ043"
"IV2013112014051359";"BV13/057";"Konkelschoor (Schelde)";500;500;"100";21;"Classic";0;"Londo (1) volledig";"D";"2013-09-09";"2013-09-09";"ZSCPQ044"
"IV2013112014075662";"BV13/055";"Konkelschoor (Schelde)";500;500;"40";21;"Classic";0;"Londo (1) volledig";"D";"2013-09-09";"2013-09-09";"ZSCPQ052"
"IV2013112014180740";"BV13/056";"Konkelschoor (Schelde)";500;500;"99";21;"Classic";0;"Londo (1) volledig";"D";"2013-09-09";"2013-09-09";"ZSCPQ053"
"IV2013112014252162";"BV13/058";"Brede Schoren (Schelde)";500;500;"100";21;"Classic";0;"Londo (1) volledig";"D";"2013-09-09";"2013-09-09";"ZSCPQ054"
"IV2013112014321005";"BV13/059";"Brede Schoren (Schelde)";500;500;"100";21;"Classic";0;"Londo (1) volledig";"D";"2013-09-09";"2013-09-09";"ZSCPQ055"
"IV2013112015024521";"BV13/060";"Brede Schoren (Schelde)";500;500;"100";21;"Classic";0;"Londo (1) volledig";"D";"2013-09-09";"2013-09-09";"ZSCPQ056"
"IV2013112015053253";"BV13/063";"Schor van Zele (Schelde)";500;500;"49";21;"Classic";0;"Londo (1) volledig";"D";"2013-09-09";"2013-09-09";"ZSCPQ057"
"IV2013112015410875";"BV13/065";"Schor van Zele (Schelde)";500;500;"108";21;"Classic";0;"Londo (1) volledig";"D";"2013-09-10";"2013-09-10";"ZSCPQ058"
"IV2013112015462691";"BV13/066";"Schor van Zele (Schelde)";500;500;"54";21;"Classic";0;"Londo (1) volledig";"D";"2013-09-10";"2013-09-10";"ZSCPQ059"
"IV2013112016153156";"BV13/067";"Schor van Zele (Schelde)";500;500;"200";21;"Classic";0;"Londo (1) volledig";"D";"2013-09-10";"2013-09-10";"ZSCPQ142"
"IV2013112016223231";"BV13/064";"Schor van Zele (Schelde)";500;500;"100";21;"Classic";0;"Londo (1) volledig";"D";"2013-09-10";"2013-09-10";"ZSCPQ145"
"IV2013112510294627";"BV13/071";"Nieuw schor van Appels (Schelde)";500;500;"50";21;"Classic";0;"Londo (1) volledig";"D";"2013-09-12";"2013-09-12";"ZSCPQ040"
"IV2013112510363066";"BV13/072";"Nieuw schor van Appels (Schelde)";500;500;"100";21;"Classic";0;"Londo (1) volledig";"D";"2013-09-12";"2013-09-12";"ZSCPQ041"
"IV2013112510372455";"BV13/069";"Pottelbergschor (Schelde)";500;500;"70";21;"Classic";0;"Londo (1) volledig";"D";"2013-09-12";"2013-09-12";"ZSCPQ062"
"IV2013112510405905";"BV13/070";"Pottelbergschor (Schelde)";500;500;"30";21;"Classic";0;"Londo (1) volledig";"D";"2013-09-12";"2013-09-12";"ZSCPQ063"
"IV2013112510481962";"BV13/074";"Appelschor (Schelde)";500;500;"88";21;"Classic";0;"Londo (1) volledig";"D";"2013-09-12";"2013-09-12";"ZSCPQ139"
"IV2013112510491349";"BV13/073";"Appelschor (Schelde)";500;500;"120";21;"Classic";0;"Londo (1) volledig";"D";"2013-09-12";"2013-09-12";"ZSCPQ140"
"IV2013112511065032";"BV13/068";"Schor van Zele (Schelde)";500;500;"400";21;"Classic";0;"Londo (1) volledig";"D";"2013-09-12";"2013-09-12";"ZSCPQ144"
"IV2013112511473957";"BV13/082";"Schor van Vlassenbroek O (Schelde)";500;500;"100";21;"Classic";0;"Londo (1) volledig";"D";"2013-09-13";"2013-09-13";"ZSCPQ035"
"IV2013112512071698";"BV13/077";"Schor van Vlassenbroek W (Schelde)";500;500;"100";21;"Classic";0;"Londo (1) volledig";"D";"2013-09-13";"2013-09-13";"ZSCPQ036"
"IV2013112512115854";"BV13/076";"Schor van Vlassenbroek W (Schelde)";500;500;"100";21;"Classic";0;"Londo (1) volledig";"D";"2013-09-13";"2013-09-13";"ZSCPQ037"
"IV2013112512142675";"BV13/075";"Schor van Vlassenbroek W (Schelde)";500;500;"100";21;"Classic";0;"Londo (1) volledig";"D";"2013-09-13";"2013-09-13";"ZSCPQ038"
"IV2013112512233871";"BV13/084";"Schor van Vlassenbroek O (Schelde)";500;500;"48";21;"Classic";0;"Londo (1) volledig";"D";"2013-09-13";"2013-09-13";"ZSCPQ064"
"IV2013112512261571";"BV13/083";"Schor van Vlassenbroek O (Schelde)";500;500;"42";21;"Classic";0;"Londo (1) volledig";"D";"2013-09-13";"2013-09-13";"ZSCPQ065"
"IV2013112512333257";"BV13/081";"Schor van Vlassenbroek O (Schelde)";500;500;"100";21;"Classic";0;"Londo (1) volledig";"D";"2013-09-13";"2013-09-13";"ZSCPQ066"
"IV2013112512441623";"BV13/078";"Schor van Vlassenbroek O (Schelde)";500;500;"24";21;"Classic";0;"Londo (1) volledig";"D";"2013-09-13";"2013-09-13";"ZSCPQ067"
"IV2013112513461255";"BV13/079";"Schor van Vlassenbroek O (Schelde)";500;500;"70";21;"Classic";0;"Londo (1) volledig";"D";"2013-09-13";"2013-09-13";"ZSCPQ068"
"IV2013112513515000";"BV13/080";"Schor van Vlassenbroek O (Schelde)";500;500;"70";21;"Classic";0;"Londo (1) volledig";"D";"2013-09-13";"2013-09-13";"ZSCPQ069"
"IV2013112513523945";"BV13/086";"Groot Schoor van Grembergen (Schelde)";500;500;"60";21;"Classic";0;"Londo (1) volledig";"D";"2013-09-16";"2013-09-16";"ZSCPQ060"
"IV2013112513553865";"BV13/087";"Groot Schoor van Grembergen (Schelde)";500;500;"225";21;"Classic";0;"Londo (1) volledig";"D";"2013-09-16";"2013-09-16";"ZSCPQ146"
"IV2013112514102708";"BV13/088";"Groot Schoor van Grembergen (Schelde)";500;500;"225";21;"Classic";0;"Londo (1) volledig";"D";"2013-09-16";"2013-09-16";"ZSCPQ147"
"IV2013112514145313";"BV13/085";"Groot Schoor van Grembergen (Schelde)";500;500;"63";21;"Classic";0;"Londo (1) volledig";"D";"2013-09-16";"2013-09-16";"ZSCPQ148"
"IV2013112514191156";"BV13/090";"De Fles (Schelde)";500;500;"221";21;"Classic";0;"Londo (1) volledig";"D";"2013-09-16";"2013-09-16";"ZSCPQ151"
"IV2013112514444162";"BV13/089";"De Fles (Schelde)";500;500;"130";21;"Classic";0;"Londo (1) volledig";"D";"2013-09-16";"2013-09-16";"ZSCPQ152"
"IV2013112514541496";"BV13/091";"De Fles (Schelde)";500;500;"160";21;"Classic";0;"Londo (1) volledig";"D";"2013-09-16";"2013-09-16";"ZSCPQ153"
"IV2013112609280574";"BV13/092";"Groot Schoor van Hamme (Schelde)";500;500;"100";21;"Classic";0;"Londo (1) volledig";"D";"2013-09-17";"2013-09-17";"ZSCPQ033"
"IV2013112609322182";"BV13/093";"Groot Schoor van Hamme (Schelde)";500;500;"40";21;"Classic";0;"Londo (1) volledig";"D";"2013-09-17";"2013-09-17";"ZSCPQ110"
"IV2013112609331731";"BV13/094";"Groot Schoor van Hamme (Schelde)";500;500;"100";21;"Classic";0;"Londo (1) volledig";"D";"2013-09-17";"2013-09-17";"ZSCPQ111"
"IV2013112609404978";"BV13/096";"Groot Schoor van Hamme (Schelde)";500;500;"45";21;"Classic";0;"Londo (1) volledig";"D";"2013-09-17";"2013-09-17";"ZSCPQ112"
"IV2013112609480584";"BV13/095";"Groot Schoor van Hamme (Schelde)";500;500;"200";21;"Classic";0;"Londo (1) volledig";"D";"2013-09-17";"2013-09-17";"ZSCPQ154"
"IV2013112609491469";"BV13/097";"Groot Schoor van Hamme (Schelde)";500;500;"100";21;"Classic";0;"Londo (1) volledig";"D";"2013-09-17";"2013-09-17";"ZSCPQ156"
"IV2013112609561530";"BV13/104";"Schor bij Gespoelde put (Schelde)";500;500;"100";21;"Classic";0;"Londo (1) volledig";"D";"2013-09-18";"2013-09-18";"ZSCPQ030"
"IV2013112610013249";"BV13/103";"Schor bij Gespoelde put (Schelde)";500;500;"100";21;"Classic";0;"Londo (1) volledig";"D";"2013-09-18";"2013-09-18";"ZSCPQ031"
"IV2013112610022030";"BV13/105";"Bunt (Durme)";500;500;"100";21;"Classic";0;"Londo (1) volledig";"D";"2013-09-18";"2013-09-18";"ZSCPQ046"
"IV2013112610235133";"BV13/101";"St-Amandsschoor (Schelde)";500;500;"100";21;"Classic";0;"Londo (1) volledig";"D";"2013-09-18";"2013-09-18";"ZSCPQ032"
"IV2013112610251632";"BV13/102";"St-Amandsschoor (Schelde)";500;500;"60";21;"Classic";0;"Londo (1) volledig";"D";"2013-09-18";"2013-09-18";"ZSCPQ082"
"IV2013112610383561";"BV13/100";"St-Amandsschoor (Schelde)";500;500;"200";21;"Classic";0;"Londo (1) volledig";"D";"2013-09-18";"2013-09-18";"ZSCPQ135"
"IV2013112610432260";"BV13/098";"St-Amandsschoor (Schelde)";500;500;"200";21;"Classic";0;"Londo (1) volledig";"D";"2013-09-18";"2013-09-18";"ZSCPQ137"
"IV2013112610573981";"BV13/099";"St-Amandsschoor (Schelde)";500;500;"300";21;"Classic";0;"Londo (1) volledig";"D";"2013-09-18";"2013-09-18";"ZSCPQ138"
"IV2013112611030930";"BV13/109";"Schor aan Durmemonding (Schelde)";500;500;"100";21;"Classic";0;"Londo (1) volledig";"D";"2013-09-19";"2013-09-19";"ZSCPQ027"
"IV2013112611060545";"BV13/111";"Schor aan Durmemonding (Schelde)";500;500;"100";21;"Classic";0;"Londo (1) volledig";"D";"2013-09-19";"2013-09-19";"ZSCPQ028"
"IV2013112611085932";"BV13/107";"Schor aan Durmemonding (Schelde)";500;500;"100";21;"Classic";0;"Londo (1) volledig";"D";"2013-09-19";"2013-09-19";"ZSCPQ029"
"IV2013112611103422";"BV13/110";"Schor aan Durmemonding (Schelde)";500;500;"80";21;"Classic";0;"Londo (1) volledig";"D";"2013-09-19";"2013-09-19";"ZSCPQ113"
"IV2013112611191782";"BV13/108";"Schor aan Durmemonding (Schelde)";500;500;"100";21;"Classic";0;"Londo (1) volledig";"D";"2013-09-19";"2013-09-19";"ZSCPQ149"
"IV2013112611250722";"BV13/106";"Schor aan Durmemonding (Schelde)";500;500;"169";21;"Classic";0;"Londo (1) volledig";"D";"2013-09-19";"2013-09-19";"ZSCPQ150"
"IV2013112611275829";"BV13/112";"Rietsnijderij (Durme)";500;500;"100";21;"Classic";0;"Londo (1) volledig";"D";"2013-09-19";"2013-09-19";"ZSCPQ048"
"IV2013112611341089";"BV13/116";"t Stort bij Weert (Schelde)";500;500;"28";21;"Classic";0;"Londo (1) volledig";"D";"2013-09-20";"2013-09-20";"ZSCPQ070"
"IV2013112611393012";"BV13/115";"t Stort bij Weert (Schelde)";500;500;"36";21;"Classic";0;"Londo (1) volledig";"D";"2013-09-20";"2013-09-20";"ZSCPQ071"
"IV2013112611425997";"BV13/117";"t Stort bij Weert (Schelde)";500;500;"80";21;"Classic";0;"Londo (1) volledig";"D";"2013-09-20";"2013-09-20";"ZSCPQ072"
"IV2013112611500028";"BV13/118";"t Stort bij Weert (Schelde)";500;500;"60";21;"Classic";0;"Londo (1) volledig";"D";"2013-09-20";"2013-09-20";"ZSCPQ073"
"IV2013112612101728";"BV13/119";"t Stort bij Weert (Schelde)";500;500;"400";21;"Classic";0;"Londo (1) volledig";"D";"2013-09-20";"2013-09-20";"ZSCPQ131"
"IV2013112612143161";"BV13/113";"Temsebrug (Schelde)";500;500;"100";21;"Classic";0;"Londo (1) volledig";"D";"2013-09-20";"2013-09-20";"ZSCPQ026"
"IV2013112612190184";"BV13/114";"Temsebrug (Schelde)";500;500;"340";21;"Classic";0;"Londo (1) volledig";"D";"2013-09-20";"2013-09-20";"ZSCPQ127"
"IV2013112613395719";"BV13/120";"Schor bij Branst (Schelde)";500;500;"100";21;"Classic";0;"Londo (1) volledig";"D";"2013-09-23";"2013-09-23";"ZSCPQ074"
"IV2013112613444646";"BV13/122";"Schor bij Branst (Schelde)";500;500;"100";21;"Classic";0;"Londo (1) volledig";"D";"2013-09-23";"2013-09-23";"ZSCPQ075"
"IV2013112613475490";"BV13/124";"Schor bij Branst (Schelde)";500;500;"400";21;"Classic";0;"Londo (1) volledig";"D";"2013-09-23";"2013-09-23";"ZSCPQ128"
"IV2013112613564882";"BV13/123";"Schor bij Branst (Schelde)";500;500;"400";21;"Classic";0;"Londo (1) volledig";"D";"2013-09-23";"2013-09-23";"ZSCPQ129"
"IV2013112614015766";"BV13/121";"Schor bij Branst (Schelde)";500;500;"400";21;"Classic";0;"Londo (1) volledig";"D";"2013-09-23";"2013-09-23";"ZSCPQ130"
"IV2013112614073039";"BV13/129";"Schor bij Branst (Schelde)";500;500;"50";21;"Classic";0;"Londo (1) volledig";"D";"2013-09-24";"2013-09-24";"ZSCPQ076"
"IV2013112614213417";"BV13/130";"Schor bij Branst (Schelde)";500;500;"55";21;"Classic";0;"Londo (1) volledig";"D";"2013-09-24";"2013-09-24";"ZSCPQ077"
"IV2013112614272393";"BV13/132";"Schor bij Branst (Schelde)";500;500;"30";21;"Classic";0;"Londo (1) volledig";"D";"2013-09-24";"2013-09-24";"ZSCPQ078"
"IV2013112614303559";"BV13/131";"Schor bij Branst (Schelde)";500;500;"24";21;"Classic";0;"Londo (1) volledig";"D";"2013-09-24";"2013-09-24";"ZSCPQ079"
"IV2013112614402687";"BV13/126";"Schor van Mariekerke (Schelde)";500;500;"48";21;"Classic";0;"Londo (1) volledig";"D";"2013-09-24";"2013-09-24";"ZSCPQ080"
"IV2013112614581682";"BV13/127";"Schor van Mariekerke (Schelde)";500;500;"48";21;"Classic";0;"Londo (1) volledig";"D";"2013-09-24";"2013-09-24";"ZSCPQ081"
"IV2013112615285945";"BV13/128";"Schor van Mariekerke (Schelde)";500;500;"400";21;"Classic";0;"Londo (1) volledig";"D";"2013-09-24";"2013-09-24";"ZSCPQ120"
"IV2013112615371071";"BV13/125";"Schor van Mariekerke (Schelde)";500;500;"380";21;"Classic";0;"Londo (1) volledig";"D";"2013-09-24";"2013-09-24";"ZSCPQ134"
"IV2013112615405050";"BV13/139";"Notelaar (Schelde)";500;500;"100";21;"Classic";0;"Londo (1) volledig";"D";"2013-09-25";"2013-09-25";"ZSCPQ020"
"IV2013112615435258";"BV13/137";"Notelaar (Schelde)";500;500;"100";21;"Classic";0;"Londo (1) volledig";"D";"2013-09-25";"2013-09-25";"ZSCPQ021"
"IV2013112615470467";"BV13/134";"Notelaar (Schelde)";500;500;"100";21;"Classic";0;"Londo (1) volledig";"D";"2013-09-25";"2013-09-25";"ZSCPQ022"
"IV2013112615501425";"BV13/138";"Notelaar (Schelde)";500;500;"35";21;"Classic";0;"Londo (1) volledig";"D";"2013-09-25";"2013-09-25";"ZSCPQ084"
"IV2013112615563116";"BV13/136";"Notelaar (Schelde)";500;500;"750";21;"Classic";0;"Londo (1) volledig";"D";"2013-09-25";"2013-09-25";"ZSCPQ119"
"IV2013112616044360";"BV13/135";"Notelaar (Schelde)";500;500;"200";21;"Classic";0;"Londo (1) volledig";"D";"2013-09-25";"2013-09-25";"ZSCPQ124"
"IV2013112616175459";"BV13/133";"Notelaar (Schelde)";500;500;"400";21;"Classic";0;"Londo (1) volledig";"D";"2013-09-25";"2013-09-25";"ZSCPQ125"
"IV2013112616275443";"BV13/140";"Notelaar (Schelde)";500;500;"250";21;"Classic";0;"Londo (1) volledig";"D";"2013-09-25";"2013-09-25";"ZSCPQ126"
"IV2013112616312688";"BV13/143";"Notelaar (Schelde)";500;500;"100";21;"Classic";0;"Londo (1) volledig";"D";"2013-09-26";"2013-09-26";"ZSCPQ018"
"IV2013112616363447";"BV13/141";"Notelaar (Schelde)";500;500;"100";21;"Classic";0;"Londo (1) volledig";"D";"2013-09-26";"2013-09-26";"ZSCPQ085"
"IV2013112616434309";"BV13/142";"Notelaar (Schelde)";500;500;"21";21;"Classic";0;"Londo (1) volledig";"D";"2013-09-26";"2013-09-26";"ZSCPQ086"
"IV2013112709375054";"BV13/142";"Notelaar (Schelde)";500;500;"22";21;"Classic";0;"Londo (1) volledig";"D";"2013-09-26";"2013-09-26";"ZSCPQ086"
"IV2013112709543246";"BV13/144";"Notelaar (Schelde)";500;500;"300";21;"Classic";0;"Londo (1) volledig";"D";"2013-09-26";"2013-09-26";"ZSCPQ121"
"IV2013112710155983";"BV13/145";"Notelaar (Schelde)";500;500;"100";21;"Classic";0;"Londo (1) volledig";"D";"2013-09-26";"2013-09-26";"ZSCPQ122"
"IV2013112710235801";"BV13/146";"Notelaar (Schelde)";500;500;"400";21;"Classic";0;"Londo (1) volledig";"D";"2013-09-26";"2013-09-26";"ZSCPQ123"
"IV2013112710275738";"BV13/147";"Notelaar (Schelde)";500;500;"100";21;"Classic";0;"Londo (1) volledig";"D";"2013-09-27";"2013-09-27";"ZSCPQ019"
"IV2013112710315313";"BV13/148";"KBR schor ten Z van Kallebeek (Schelde)";500;500;"100";21;"Classic";0;"Londo (1) volledig";"D";"2013-09-27";"2013-09-27";"ZSCPQ017"
"IV2013112710354150";"BV13/149";"KBR schor ten Z van Kallebeek (Schelde)";500;500;"90";21;"Classic";0;"Londo (1) volledig";"D";"2013-09-27";"2013-09-27";"ZSCPQ105"
"IV2013112710392628";"BV13/150";"KBR schor ten Z van Kallebeek (Schelde)";500;500;"50";21;"Classic";0;"Londo (1) volledig";"D";"2013-09-27";"2013-09-27";"ZSCPQ106"
"IV2013112710450901";"BV13/151";"KBR schor ten Z van Kallebeek (Schelde)";500;500;"100";21;"Classic";0;"Londo (1) volledig";"D";"2013-09-27";"2013-09-27";"ZSCPQ107"
"IV2013112711164443";"BV13/152";"KBR schor ten Z van Kallebeek (Schelde)";500;500;"100";21;"Classic";0;"Londo (1) volledig";"D";"2013-09-27";"2013-09-27";"ZSCPQ108"
"IV2013112711223774";"BV13/156";"Kijkverdriet (Schelde)";500;500;"100";21;"Classic";0;"Londo (1) volledig";"D";"2013-09-30";"2013-09-30";"ZSCPQ023"
"IV2013112711253147";"BV13/155";"Kijkverdriet (Schelde)";500;500;"100";21;"Classic";0;"Londo (1) volledig";"D";"2013-09-30";"2013-09-30";"ZSCPQ025"
"IV2013112711302429";"BV13/153";"Kijkverdriet (Schelde)";500;500;"400";21;"Classic";0;"Londo (1) volledig";"D";"2013-09-30";"2013-09-30";"ZSCPQ220"
"IV2013112711363764";"BV13/154";"Kijkverdriet (Schelde)";500;500;"400";21;"Classic";0;"Londo (1) volledig";"D";"2013-09-30";"2013-09-30";"ZSCPQ221"
"IV2013112711401629";"BV13/157";"KBR schor ten Z van Kallebeek (Schelde)";500;500;"100";21;"Classic";0;"Londo (1) volledig";"D";"2013-09-30";"2013-09-30";"ZSCPQ101"
"IV2013112711431776";"BV13/158";"KBR schor ten Z van Kallebeek (Schelde)";500;500;"80";21;"Classic";0;"Londo (1) volledig";"D";"2013-09-30";"2013-09-30";"ZSCPQ104"
"IV2013112711470531";"BV13/159";"KBR schor ten Z van Kallebeek (Schelde)";500;500;"100";21;"Classic";0;"Londo (1) volledig";"D";"2013-09-30";"2013-09-30";"ZSCPQ117"
"IV2013112711495206";"BV13/166";"KBR schor tss Kallebeek en Barbierbeek (Schelde)";500;500;"90";21;"Classic";0;"Londo (1) volledig";"D";"2013-10-01";"2013-10-01";"ZSCPQ091"
"IV2013112711524267";"BV13/165";"KBR schor tss Kallebeek en Barbierbeek (Schelde)";500;500;"100";21;"Classic";0;"Londo (1) volledig";"D";"2013-10-01";"2013-10-01";"ZSCPQ092"
"IV2013112711560567";"BV13/167";"KBR schor tss Kallebeek en Barbierbeek (Schelde)";500;500;"100";21;"Classic";0;"Londo (1) volledig";"D";"2013-10-01";"2013-10-01";"ZSCPQ093"
"IV2013112711590375";"BV13/164";"KBR schor tss Kallebeek en Barbierbeek (Schelde)";500;500;"100";21;"Classic";0;"Londo (1) volledig";"D";"2013-10-01";"2013-10-01";"ZSCPQ094"
"IV2013112712015253";"BV13/162";"KBR schor tss Kallebeek en Barbierbeek (Schelde)";500;500;"100";21;"Classic";0;"Londo (1) volledig";"D";"2013-10-01";"2013-10-01";"ZSCPQ099"
"IV2013112712071867";"BV13/163";"KBR schor tss Kallebeek en Barbierbeek (Schelde)";500;500;"100";21;"Classic";0;"Londo (1) volledig";"D";"2013-10-01";"2013-10-01";"ZSCPQ100"
"IV2013112712145634";"BV13/161";"KBR schor ten Z van Kallebeek (Schelde)";500;500;"100";21;"Classic";0;"Londo (1) volledig";"D";"2013-10-01";"2013-10-01";"ZSCPQ115"
"IV2013112712184505";"BV13/160";"KBR schor ten Z van Kallebeek (Schelde)";500;500;"100";21;"Classic";0;"Londo (1) volledig";"D";"2013-10-01";"2013-10-01";"ZSCPQ116"
"IV2013112714174816";"BV13/171";"KBR schor ten N van Barbierbeek (Schelde)";500;500;"100";21;"Classic";0;"Londo (1) volledig";"D";"2013-10-02";"2013-10-02";"ZSCPQ014"
"IV2013112714210149";"BV13/172";"KBR schor ten N van Barbierbeek (Schelde)";500;500;"60";21;"Classic";0;"Londo (1) volledig";"D";"2013-10-02";"2013-10-02";"ZSCPQ087"
"IV2013112714241387";"BV13/170";"KBR schor ten N van Barbierbeek (Schelde)";500;500;"60";21;"Classic";0;"Londo (1) volledig";"D";"2013-10-02";"2013-10-02";"ZSCPQ088"
"IV2013112714303640";"BV13/169";"KBR schor ten N van Barbierbeek (Schelde)";500;500;"60";21;"Classic";0;"Londo (1) volledig";"D";"2013-10-02";"2013-10-02";"ZSCPQ089"
"IV2013112714331913";"BV13/168";"KBR schor ten N van Barbierbeek (Schelde)";500;500;"60";21;"Classic";0;"Londo (1) volledig";"D";"2013-10-02";"2013-10-02";"ZSCPQ090"
"IV2013112714354557";"BV13/173";"Paardeschor (NOP) (Schelde)";500;500;"16";21;"Classic";0;"Londo (1) volledig";"D";"2013-10-04";"2013-10-04";"ZSCPQ273"
"IV2013112714384332";"BV13/174";"Paardeschor (NOP) (Schelde)";500;500;"16";21;"Classic";0;"Londo (1) volledig";"D";"2013-10-04";"2013-10-04";"ZSCPQ274"
"IV2013112714403448";"BV13/181";"Paardeschor (NOP) (Schelde)";500;500;"16";21;"Classic";0;"Londo (1) volledig";"D";"2013-10-04";"2013-10-04";"ZSCPQ275"
"IV2013112714513426";"BV13/182";"Paardeschor (NOP) (Schelde)";500;500;"16";21;"Classic";0;"Londo (1) volledig";"D";"2013-10-04";"2013-10-04";"ZSCPQ276"
"IV2013112714553235";"BV13/183";"Paardeschor (NOP) (Schelde)";500;500;"16";21;"Classic";0;"Londo (1) volledig";"D";"2013-10-04";"2013-10-04";"ZSCPQ277"
"IV2013112714593329";"BV13/176";"Paardeschor (NOP) (Schelde)";500;500;"16";21;"Classic";0;"Londo (1) volledig";"D";"2013-10-04";"2013-10-04";"ZSCPQ278"
"IV2013112715024820";"BV13/177";"Paardeschor (NOP) (Schelde)";500;500;"16";21;"Classic";0;"Londo (1) volledig";"D";"2013-10-04";"2013-10-04";"ZSCPQ279"
"IV2013112715041216";"BV13/178";"Paardeschor (NOP) (Schelde)";500;500;"16";21;"Classic";0;NA;NA;NA;NA;"ZSCPQ280"
"IV2014011314391446";"BV13/179";"Paardeschor (NOP) (Schelde)";500;500;"16";21;"Classic";0;"Londo (1) volledig";"D";"2013-10-04";"2013-10-04";"ZSCPQ281"
"IV2014011314452030";"BV13/180";"Paardeschor (NOP) (Schelde)";500;500;"16";21;"Classic";0;"Londo (1) volledig";"D";"2013-10-04";"2013-10-04";"ZSCPQ282"
"IV2014011314475087";"BV13/184";"Paardeschor (NOP) (Schelde)";500;500;"16";21;"Classic";0;"Londo (1) volledig";"D";"2013-10-04";"2013-10-04";"ZSCPQ283"
"IV2014011314530019";"BV13/185";"Paardeschor (NOP) (Schelde)";500;500;"16";21;"Classic";0;"Londo (1) volledig";"D";"2013-10-04";"2013-10-04";"ZSCPQ284"
"IV2014011315021084";"BV13/186";"Paardeschor (NOP) (Schelde)";500;500;"16";21;"Classic";0;"Londo (1) volledig";"D";"2013-10-04";"2013-10-04";"ZSCPQ285"
"IV2014011315053247";"BV13/175";"Paardeschor (NOP) (Schelde)";500;500;"16";21;"Classic";0;"Londo (1) volledig";"D";"2013-10-04";"2013-10-04";"ZSCPQ302"
"IV2014011315360763";"BV13/187";"Ketenissepolder N (NOP) (Schelde)";500;500;"9";21;"Classic";0;"Londo (1) volledig";"D";"2013-10-07";"2013-10-07";"ZSCPQ222"
"IV2014011315372289";"BV13/188";"Ketenissepolder N (NOP) (Schelde)";500;500;"9";21;"Classic";0;"Londo (1) volledig";"D";"2013-10-07";"2013-10-07";"ZSCPQ223"
"IV2014011315384726";"BV13/189";"Ketenissepolder N (NOP) (Schelde)";500;500;"4";21;"Classic";0;"Londo (1) volledig";"D";"2013-10-07";"2013-10-07";"ZSCPQ224"
"IV2014011315404492";"BV13/190";"Ketenissepolder N (NOP) (Schelde)";500;500;"9";21;"Classic";0;"Londo (1) volledig";"D";"2013-10-07";"2013-10-07";"ZSCPQ225"
"IV2014011315422151";"BV13/191";"Ketenissepolder N (NOP) (Schelde)";500;500;"9";21;"Classic";0;"Londo (1) volledig";"D";"2013-10-07";"2013-10-07";"ZSCPQ226"
"IV2014011315450812";"BV13/192";"Ketenissepolder N (NOP) (Schelde)";500;500;"9";21;"Classic";0;"Londo (1) volledig";"D";"2013-10-07";"2013-10-07";"ZSCPQ227"
"IV2014011315462331";"BV13/193";"Ketenissepolder N (NOP) (Schelde)";500;500;"9";21;"Classic";0;"Londo (1) volledig";"D";"2013-10-07";"2013-10-07";"ZSCPQ228"
"IV2014011315505423";"BV13/194";"Ketenissepolder N (NOP) (Schelde)";500;500;"9";21;"Classic";0;"Londo (1) volledig";"D";"2013-10-07";"2013-10-07";"ZSCPQ230"
"IV2014011315521025";"BV13/195";"Ketenissepolder N (NOP) (Schelde)";500;500;"9";21;"Classic";0;"Londo (1) volledig";"D";"2013-10-09";"2013-10-09";"ZSCPQ229"
"IV2014011315563664";"BV13/198";"Ketenissepolder N (NOP) (Schelde)";500;500;"9";21;"Classic";0;"Londo (1) volledig";"D";"2013-10-09";"2013-10-09";"ZSCPQ233"
"IV2014011316053103";"BV13/199";"Ketenissepolder N (NOP) (Schelde)";500;500;"9";21;"Classic";0;"Londo (1) volledig";"D";"2013-10-09";"2013-10-09";"ZSCPQ234"
"IV2014011316064931";"BV13/200";"Ketenissepolder N (NOP) (Schelde)";500;500;"9";21;"Classic";0;"Londo (1) volledig";"D";"2013-10-09";"2013-10-09";"ZSCPQ235"
"IV2014011316074877";"BV13/201";"Ketenissepolder N (NOP) (Schelde)";500;500;"9";21;"Classic";0;"Londo (1) volledig";"D";"2013-10-09";"2013-10-09";"ZSCPQ236"
"IV2014011316090521";"BV13/202";"Ketenissepolder N (NOP) (Schelde)";500;500;"9";21;"Classic";0;"Londo (1) volledig";"D";"2013-10-09";"2013-10-09";"ZSCPQ237"
"IV2014011316101134";"BV13/203";"Ketenissepolder N (NOP) (Schelde)";500;500;"9";21;"Classic";0;"Londo (1) volledig";"D";"2013-10-09";"2013-10-09";"ZSCPQ238"
"IV2014011316111663";"BV13/204";"Ketenissepolder N (NOP) (Schelde)";500;500;"16";21;"Classic";0;"Londo (1) volledig";"D";"2013-10-09";"2013-10-09";"ZSCPQ239"
"IV2014011316134838";"BV13/205";"Ketenissepolder Z (NOP) (Schelde)";500;500;"9";21;"Classic";0;"Londo (1) volledig";"D";"2013-10-09";"2013-10-09";"ZSCPQ240"
"IV2014011316163049";"BV13/206";"Ketenissepolder Z (NOP) (Schelde)";500;500;"9";21;"Classic";0;"Londo (1) volledig";"D";"2013-10-09";"2013-10-09";"ZSCPQ241"
"IV2014011316205332";"BV13/208";"Ketenissepolder Z (NOP) (Schelde)";500;500;"9";21;"Classic";0;"Londo (1) volledig";"D";"2013-10-09";"2013-10-09";"ZSCPQ242"
"IV2014011316224635";"BV13/209";"Ketenissepolder Z (NOP) (Schelde)";500;500;"9";21;"Classic";0;"Londo (1) volledig";"D";"2013-10-09";"2013-10-09";"ZSCPQ243"
"IV2014011316270681";"BV13/210";"Ketenissepolder Z (NOP) (Schelde)";500;500;"9";21;"Classic";0;"Londo (1) volledig";"D";"2013-10-09";"2013-10-09";"ZSCPQ244"
"IV2014011316461461";"BV13/207";"Ketenissepolder Z (NOP) (Schelde)";500;500;"9";21;"Classic";0;"Londo (1) volledig";"D";"2013-10-09";"2013-10-09";"ZSCPQ245"
"IV2014011316471949";"BV13/213";"Ketenissepolder Z (NOP) (Schelde)";500;500;"9";21;"Classic";0;"Londo (1) volledig";"D";"2013-10-09";"2013-10-09";"ZSCPQ249"
"IV2014011316483217";"BV13/212";"Ketenissepolder Z (NOP) (Schelde)";500;500;"9";21;"Classic";0;"Londo (1) volledig";"D";"2013-10-09";"2013-10-09";"ZSCPQ250"
"IV2014011316495336";"BV13/211";"Ketenissepolder Z (NOP) (Schelde)";500;500;"9";21;"Classic";0;"Londo (1) volledig";"D";"2013-10-09";"2013-10-09";"ZSCPQ251"
"IV2014011316535054";"BV13/225";"Fort Liefkenshoek (Schelde)";500;500;"100";21;"Classic";0;"Londo (1) volledig";"D";"2013-10-14";"2013-10-14";"ZSCPQ009"
"IV2014011317014960";"BV13/216";"Ketenissepolder Z (NOP) (Schelde)";500;500;"9";21;"Classic";0;"Londo (1) volledig";"D";"2013-10-14";"2013-10-14";"ZSCPQ246"
"IV2014011317033027";"BV13/215";"Ketenissepolder Z (NOP) (Schelde)";500;500;"9";21;"Classic";0;"Londo (1) volledig";"D";"2013-10-14";"2013-10-14";"ZSCPQ247"
"IV2014011317063744";"BV13/214";"Ketenissepolder Z (NOP) (Schelde)";500;500;"9";21;"Classic";0;"Londo (1) volledig";"D";"2013-10-14";"2013-10-14";"ZSCPQ248"
"IV2014011317082847";"BV13/218";"Ketenissepolder Z (NOP) (Schelde)";500;500;"9";21;"Classic";0;"Londo (1) volledig";"D";"2013-10-14";"2013-10-14";"ZSCPQ252"
"IV2014011510153321";"BV13/217";"Ketenissepolder Z (NOP) (Schelde)";500;500;"9";21;"Classic";0;"Londo (1) volledig";"D";"2013-10-14";"2013-10-14";"ZSCPQ253"
"IV2014011510173858";"BV13/219";"Ketenissepolder Z (NOP) (Schelde)";500;500;"9";21;"Classic";0;"Londo (1) volledig";"D";"2013-10-14";"2013-10-14";"ZSCPQ254"
"IV2014011510190120";"BV13/220";"Ketenissepolder Z (NOP) (Schelde)";500;500;"9";21;"Classic";0;"Londo (1) volledig";"D";"2013-10-14";"2013-10-14";"ZSCPQ255"
"IV2014011510205166";"BV13/221";"Ketenissepolder Z (NOP) (Schelde)";500;500;"9";21;"Classic";0;"Londo (1) volledig";"D";"2013-10-14";"2013-10-14";"ZSCPQ256"
"IV2014011510223269";"BV13/222";"Ketenissepolder Z (NOP) (Schelde)";500;500;"9";21;"Classic";0;"Londo (1) volledig";"D";"2013-10-14";"2013-10-14";"ZSCPQ257"
"IV2014011510244883";"BV13/223";"Ketenissepolder Z (NOP) (Schelde)";500;500;"9";21;"Classic";0;"Londo (1) volledig";"D";"2013-10-14";"2013-10-14";"ZSCPQ258"
"IV2014011510255623";"BV13/224";"Ketenissepolder Z (NOP) (Schelde)";500;500;"9";21;"Classic";0;"Londo (1) volledig";"D";"2013-10-14";"2013-10-14";"ZSCPQ259"
"IV2014011510285229";"BV13/236";"Groot Buitenschoor (Schelde)";500;500;"100";21;"Classic";0;"Londo (1) volledig";"D";"2013-10-15";"2013-10-15";"ZSCPQ003"
"IV2014022511574681";"BV13/233";"Groot Buitenschoor (Schelde)";500;500;"9";21;"Classic";0;"Londo (1) volledig";"D";"2013-10-15";"2013-10-15";"ZSCPQ192"
"IV2014022512005570";"BV13/234";"Groot Buitenschoor (Schelde)";500;500;"9";21;"Classic";0;"Londo (1) volledig";"D";"2013-10-15";"2013-10-15";"ZSCPQ193"
"IV2014022512030033";"BV13/235";"Groot Buitenschoor (Schelde)";500;500;"9";21;"Classic";0;"Londo (1) volledig";"D";"2013-10-15";"2013-10-15";"ZSCPQ194"
"IV2014022512060363";"BV13/232";"Groot Buitenschoor (Schelde)";500;500;"9";21;"Classic";0;"Londo (1) volledig";"D";"2013-10-15";"2013-10-15";"ZSCPQ195"
"IV2014022512084607";"BV13/228";"Groot Buitenschoor (Schelde)";500;500;"9";21;"Classic";0;"Londo (1) volledig";"D";"2013-10-15";"2013-10-15";"ZSCPQ196"
"IV2014022513333006";"BV13/229";"Groot Buitenschoor (Schelde)";500;500;"9";21;"Classic";0;"Londo (1) volledig";"D";"2013-10-15";"2013-10-15";"ZSCPQ197"
"IV2014030311132985";"BV13/227";"Groot Buitenschoor (Schelde)";500;500;"9";21;"Classic";0;"Londo (1) volledig";"D";"2013-10-15";"2013-10-15";"ZSCPQ198"
"IV2014030311151333";"BV13/226";"Groot Buitenschoor (Schelde)";500;500;"9";21;"Classic";0;"Londo (1) volledig";"D";"2013-10-15";"2013-10-15";"ZSCPQ199"
"IV2014030311211704";"BV13/231";"Groot Buitenschoor (Schelde)";500;500;"9";21;"Classic";0;"Londo (1) volledig";"D";"2013-10-15";"2013-10-15";"ZSCPQ200"
"IV2014030311263430";"BV13/230";"Groot Buitenschoor (Schelde)";500;500;"9";21;"Classic";0;"Londo (1) volledig";"D";"2013-10-15";"2013-10-15";"ZSCPQ201"
"IV2014030311283135";"BV13/237";"Groot Buitenschoor (Schelde)";500;500;"9";21;"Classic";0;"Londo (1) volledig";"D";"2013-10-15";"2013-10-15";"ZSCPQ203"
"IV2014030312250246";"BV13/247";"Schor van Ouden Doel Z  (Schelde)";500;500;"25";21;"Classic";0;"Londo (1) volledig";"D";"2013-10-16";"2013-10-16";"ZSCPQ158"
"IV2014030312272058";"BV13/248";"Schor van Ouden Doel Z  (Schelde)";500;500;"25";21;"Classic";0;"Londo (1) volledig";"D";"2013-10-16";"2013-10-16";"ZSCPQ159"
"IV2014030312294301";"BV13/249";"Schor van Ouden Doel Z  (Schelde)";500;500;"25";21;"Classic";0;"Londo (1) volledig";"D";"2013-10-16";"2013-10-16";"ZSCPQ160"
"IV2014030314285663";"BV13/250";"Schor van Ouden Doel Z  (Schelde)";500;500;"25";21;"Classic";0;"Londo (1) volledig";"D";"2013-10-16";"2013-10-16";"ZSCPQ161"
"IV2014030314313598";"BV13/251";"Schor van Ouden Doel Z  (Schelde)";500;500;"20";21;"Classic";0;"Londo (1) volledig";"D";"2013-10-16";"2013-10-16";"ZSCPQ162"
"IV2014030314334724";"BV13/245";"Galgenschoor (Schelde)";500;500;"100";21;"Classic";0;"Londo (1) volledig";"D";"2013-10-16";"2013-10-16";"ZSCPQ007"
"IV2014030314371379";"BV13/246";"Galgenschoor (Schelde)";500;500;"100";21;"Classic";0;"Londo (1) volledig";"D";"2013-10-16";"2013-10-16";"ZSCPQ008"
"IV2014030314392874";"BV13/240";"Galgenschoor (Schelde)";500;500;"4";21;"Classic";0;"Londo (1) volledig";"D";"2013-10-16";"2013-10-16";"ZSCPQ184"
"IV2014030314421473";"BV13/241";"Galgenschoor (Schelde)";500;500;"9";21;"Classic";0;"Londo (1) volledig";"D";"2013-10-16";"2013-10-16";"ZSCPQ185"
"IV2014030314594355";"BV13/242";"Galgenschoor (Schelde)";500;500;"9";21;"Classic";0;"Londo (1) volledig";"D";"2013-10-16";"2013-10-16";"ZSCPQ186"
"IV2014030315011263";"BV13/243";"Galgenschoor (Schelde)";500;500;"9";21;"Classic";0;"Londo (1) volledig";"D";"2013-10-16";"2013-10-16";"ZSCPQ187"
"IV2014030315031995";"BV13/244";"Galgenschoor (Schelde)";500;500;"6";21;"Classic";0;"Londo (1) volledig";"D";"2013-10-16";"2013-10-16";"ZSCPQ188"
"IV2014030315124036";"BV13/238";"Galgenschoor (Schelde)";500;500;"9";21;"Classic";0;"Londo (1) volledig";"D";"2013-10-16";"2013-10-16";"ZSCPQ189"
"IV2014030315161557";"BV13/239";"Galgenschoor (Schelde)";500;500;"8";21;"Classic";0;"Londo (1) volledig";"D";"2013-10-16";"2013-10-16";"ZSCPQ190"
"IV2014030317013833";"BV13/260";"Schor van Ouden Doel Z  (Schelde)";500;500;"100";21;"Classic";0;"Londo (1) volledig";"D";"2013-10-18";"2013-10-18";"ZSCPQ006"
"IV2014030317034587";"BV13/252";"Schor van Ouden Doel Z  (Schelde)";500;500;"25";21;"Classic";0;"Londo (1) volledig";"D";"2013-10-18";"2013-10-18";"ZSCPQ164"
"IV2014030409582414";"BV13/253";"Schor van Ouden Doel Z  (Schelde)";500;500;"25";21;"Classic";0;"Londo (1) volledig";"D";"2013-10-18";"2013-10-18";"ZSCPQ165"
"IV2014030410011682";"BV13/254";"Schor van Ouden Doel Z  (Schelde)";500;500;"25";21;"Classic";0;"Londo (1) volledig";"D";"2013-10-18";"2013-10-18";"ZSCPQ166"
"IV2014030410033210";"BV13/255";"Schor van Ouden Doel Z  (Schelde)";500;500;"25";21;"Classic";0;"Londo (1) volledig";"D";"2013-10-18";"2013-10-18";"ZSCPQ167"
"IV2014030410074586";"BV13/256";"Schor van Ouden Doel Z  (Schelde)";500;500;"25";21;"Classic";0;"Londo (1) volledig";"D";"2013-10-18";"2013-10-18";"ZSCPQ168"
"IV2014030410092819";"BV13/257";"Schor van Ouden Doel Z  (Schelde)";500;500;"25";21;"Classic";0;"Londo (1) volledig";"D";"2013-10-18";"2013-10-18";"ZSCPQ169"
"IV2014030410112373";"BV13/258";"Schor van Ouden Doel Z  (Schelde)";500;500;"25";21;"Classic";0;"Londo (1) volledig";"D";"2013-10-18";"2013-10-18";"ZSCPQ170"
"IV2014030410161165";"BV13/259";"Schor van Ouden Doel Z  (Schelde)";500;500;"25";21;"Classic";0;"Londo (1) volledig";"D";"2013-10-18";"2013-10-18";"ZSCPQ171"
"IV2014030411101491";"BV13/261";"Schor van Ouden Doel N  (Schelde)";500;500;"9";21;"Classic";0;"Londo (1) volledig";"D";"2013-10-18";"2013-10-18";"ZSCPQ176"
"IV2014030411130087";"BV13/262";"Schor van Ouden Doel N  (Schelde)";500;500;"3";21;"Classic";0;"Londo (1) volledig";"D";"2013-10-18";"2013-10-18";"ZSCPQ177"
"IV2014030411161844";"BV13/263";"Schor van Ouden Doel N  (Schelde)";500;500;"4";21;"Classic";0;"Londo (1) volledig";"D";"2013-10-18";"2013-10-18";"ZSCPQ178"
"IV2014030411195942";"BV13/264";"Schor van Ouden Doel N  (Schelde)";500;500;"4";21;"Classic";0;"Londo (1) volledig";"D";"2013-10-18";"2013-10-18";"ZSCPQ179"
"IV2014030411215613";"BV13/265";"Schor van Ouden Doel N  (Schelde)";500;500;"25";21;"Classic";0;"Londo (1) volledig";"D";"2013-10-19";"2013-10-19";"ZSCPQ172"
"IV2014030411242385";"BV13/266";"Schor van Ouden Doel N  (Schelde)";500;500;"25";21;"Classic";0;"Londo (1) volledig";"D";"2013-10-19";"2013-10-19";"ZSCPQ173"
"IV2014030411281773";"BV13/267";"Schor van Ouden Doel N  (Schelde)";500;500;"25";21;"Classic";0;"Londo (1) volledig";"D";"2013-10-19";"2013-10-19";"ZSCPQ174"
"IV2014030411305777";"BV13/268";"Schor van Ouden Doel N  (Schelde)";500;500;"25";21;"Classic";0;"Londo (1) volledig";"D";"2013-10-19";"2013-10-19";"ZSCPQ175"
"IV2014030411342143";"BV13/272";"Schor van Ouden Doel N  (Schelde)";500;500;"9";21;"Classic";0;"Londo (1) volledig";"D";"2013-10-19";"2013-10-19";"ZSCPQ180"
"IV2014030411471814";"BV13/271";"Schor van Ouden Doel N  (Schelde)";500;500;"8";21;"Classic";0;"Londo (1) volledig";"D";"2013-10-19";"2013-10-19";"ZSCPQ181"
"IV2014030411513397";"BV13/270";"Schor van Ouden Doel N  (Schelde)";500;500;"9";21;"Classic";0;"Londo (1) volledig";"D";"2013-10-19";"2013-10-19";"ZSCPQ182"
"IV2014030411544520";"BV13/269";"Schor van Ouden Doel N  (Schelde)";500;500;"9";21;"Classic";0;"Londo (1) volledig";"D";"2013-10-19";"2013-10-19";"ZSCPQ183"
"IV2014033112434570";"BV13/026";"Heusden LO (NOP) (Schelde)";500;500;"9";21;"Classic";0;"Londo (1) volledig";"D";"2013-08-28";"2013-08-28";"ZSCPQ286"
"IV2014033112474265";"BV13/027";"Heusden LO (NOP) (Schelde)";500;500;"9";21;"Classic";0;"Londo (1) volledig";"D";"2013-08-28";"2013-08-28";"ZSCPQ287"
"IV2014033112513487";"BV13/028";"Heusden LO (NOP) (Schelde)";500;500;"9";21;"Classic";0;"Londo (1) volledig";"D";"2013-08-28";"2013-08-28";"ZSCPQ289"
"IV2014033114115274";"BV13/029";"Heusden LO (NOP) (Schelde)";500;500;"9";21;"Classic";0;"Londo (1) volledig";"D";"2013-08-28";"2013-08-28";"ZSCPQ288"
"IV2014033114210259";"BV13/030";"Heusden LO (NOP) (Schelde)";500;500;"9";21;"Classic";0;"Londo (1) volledig";"D";"2013-08-28";"2013-08-28";"ZSCPQ290"
"IV2014033116170940";"BV13/031";"Heusden LO (NOP) (Schelde)";500;500;"9";21;"Classic";0;"Londo (1) volledig";"D";"2013-08-28";"2013-08-28";"ZSCPQ291"
"IV2014033116265963";"BV13/032";"Heusden LO (NOP) (Schelde)";500;500;"9";21;"Classic";0;"Londo (1) volledig";"D";"2013-08-28";"2013-08-28";"ZSCPQ292"
"IV2014033117235496";"BV13/033";"Heusden LO (NOP) (Schelde)";500;500;"9";21;"Classic";0;"Londo (1) volledig";"D";"2013-08-28";"2013-08-28";"ZSCPQ293"
"IV2014060413361667";"BV13/196";"Ketenissepolder N (NOP) (Schelde)";500;500;"9";21;"Classic";0;"Londo (1) volledig";"D";"2013-10-09";"2013-10-09";"ZSCPQ231"
"IV2014060413400162";"BV13/197";"Ketenissepolder N (NOP) (Schelde)";500;500;"9";21;"Classic";0;"Londo (1) volledig";"D";"2013-10-09";"2013-10-09";"ZSCPQ232"
"IV2014061809353697";"BV13/034";"Heusden LO (NOP) (Schelde)";500;500;"9";21;"Classic";0;"Londo (1) volledig";"D";"2013-08-28";"2013-08-28";"ZSCPQ294"
"IV2014061809390656";"BV13/035";"Heusden LO (NOP) (Schelde)";500;500;"9";21;"Classic";0;"Londo (1) volledig";"D";"2013-08-28";"2013-08-28";"ZSCPQ295"
"IV2014061910205811";"BV13/036";"Heusden LO (NOP) (Schelde)";500;500;"9";21;"Classic";0;"Londo (1) volledig";"D";"2013-08-28";"2013-08-28";"ZSCPQ296"
"IV2014061910495501";"BV13/037";"Heusden LO (NOP) (Schelde)";500;500;"64";21;"Classic";0;"Londo (1) volledig";"D";"2013-08-28";"2013-08-28";"ZSCPQ297"
"IV2014062012014346";"BV13/038";"Heusden LO (NOP) (Schelde)";500;500;"100";21;"Classic";0;"Londo (1) volledig";"D";"2013-09-03";"2013-09-03";"ZSCPQ301"
"IV2014062012102363";"BV13/039";"Heusden LO (NOP) (Schelde)";500;500;"9";21;"Classic";0;"Londo (1) volledig";"D";"2013-09-03";"2013-09-03";"ZSCPQ300"
"IV2014062012212019";"BV13/040";"Heusden LO (NOP) (Schelde)";500;500;"9";21;"Classic";0;"Londo (1) volledig";"D";"2013-09-03";"2013-09-03";"ZSCPQ299"
"IV2014062012262379";"BV13/041";"Heusden LO (NOP) (Schelde)";500;500;"9";21;"Classic";0;"Londo (1) volledig";"D";"2013-09-03";"2013-09-03";"ZSCPQ298"
"IV2014062409483411";"BV13/042";"Paddebeek (NOP) (Schelde)";500;500;"4";21;"Classic";0;"Londo (1) volledig";"D";"2013-09-06";"2013-09-06";"ZSCPQ260"
"IV2014062410045802";"BV13/043";"Paddebeek (NOP) (Schelde)";500;500;"4";21;"Classic";0;"Londo (1) volledig";"D";"2013-09-06";"2013-09-06";"ZSCPQ261"
"IV2014062416344139";"BV13/044";"Paddebeek (NOP) (Schelde)";500;500;"9";21;"Classic";0;"Londo (1) volledig";"D";"2013-09-06";"2013-09-06";"ZSCPQ262"
"IV2014062416371489";"BV13/045";"Paddebeek (NOP) (Schelde)";500;500;"8";21;"Classic";0;"Londo (1) volledig";"D";"2013-09-06";"2013-09-06";"ZSCPQ263"
"IV2014062416401991";"BV13/046";"Paddebeek (NOP) (Schelde)";500;500;"8";21;"Classic";0;"Londo (1) volledig";"D";"2013-09-06";"2013-09-06";"ZSCPQ268"
"IV2014062416464573";"BV13/047";"Paddebeek (NOP) (Schelde)";500;500;"9";21;"Classic";0;"Londo (1) volledig";"D";"2013-09-06";"2013-09-06";"ZSCPQ267"
"IV2014062416484382";"BV13/048";"Paddebeek (NOP) (Schelde)";500;500;"9";21;"Classic";0;"Londo (1) volledig";"D";"2013-09-06";"2013-09-06";"ZSCPQ266"
"IV2014062416581286";"BV13/049";"Paddebeek (NOP) (Schelde)";500;500;"4";21;"Classic";0;"Londo (1) volledig";"D";"2013-09-06";"2013-09-06";"ZSCPQ265"
"IV2014062417020824";"BV13/050";"Paddebeek (NOP) (Schelde)";500;500;"4";21;"Classic";0;"Londo (1) volledig";"D";"2013-09-06";"2013-09-06";"ZSCPQ264"
"IV2014062510105682";"BV13/051";"Paddebeek (NOP) (Schelde)";500;500;"4";21;"Classic";0;"Londo (1) volledig";"D";"2013-09-06";"2013-09-06";"ZSCPQ269"
"IV2014062510185815";"BV13/052";"Paddebeek (NOP) (Schelde)";500;500;"4";21;"Classic";0;"Londo (1) volledig";"D";"2013-09-06";"2013-09-06";"ZSCPQ270"
"IV2014062510223324";"BV13/053";"Paddebeek (NOP) (Schelde)";500;500;"9";21;"Classic";0;"Londo (1) volledig";"D";"2013-09-06";"2013-09-06";"ZSCPQ271"
"IV2014062510253598";"BV13/054";"Paddebeek (NOP) (Schelde)";500;500;"8";21;"Classic";0;"Londo (1) volledig";"D";"2013-09-09";"2013-09-09";"ZSCPQ272"
"IV2014092313550462";"LDL95/155";"Kijkverdriet (Schelde)";500;500;"92";21;"Classic";0;"Londo (1) volledig";"D";"1995-10-03";"1995-10-03";"ZSCPQ155"
"IV2014092314083739";"LDL95/119";"Notelaar (Schelde)";500;500;"750";21;"Classic";0;"Londo (1) volledig";"D";"1995-08-28";"1995-08-28";"ZSCPQ119"
"IV2014092314330438";"LDL95/83";"Notelaar (Schelde)";500;500;"80";21;"Classic";0;"Londo (1) volledig";"D";"1995-08-14";"1995-08-14";"ZSCPQ083"
"IV2014092314520483";"LDL95/84";"Notelaar (Schelde)";500;500;"35";21;"Classic";0;"Londo (1) volledig";"D";"1995-08-14";"1995-08-14";"ZSCPQ084"
"IV2014092315052470";"LDL95/85";"Notelaar (Schelde)";500;500;"100";21;"Classic";0;"Londo (1) volledig";"D";"1995-08-14";"1995-08-14";"ZSCPQ085"
"IV2014092315165038";"LDL95/86";"Notelaar (Schelde)";500;500;"21";21;"Classic";0;"Londo (1) volledig";"D";"1995-08-14";"1995-08-14";"ZSCPQ086"
"IV2014092315482236";"LDL95/121";"Notelaar (Schelde)";500;500;"300";21;"Classic";0;"Londo (1) volledig";"D";"1995-09-01";"1995-09-01";"ZSCPQ121"
"IV2014092316054851";"LDL95/122";"Notelaar (Schelde)";500;500;"100";21;"Classic";0;"Londo (1) volledig";"D";"1995-09-01";"1995-09-01";"ZSCPQ122"
"IV2014092316251615";"LDL95/52";"Konkelschoor (Schelde)";500;500;"40";21;"Classic";0;"Londo (1) volledig";"D";"1995-08-02";"1995-08-02";"ZSCPQ052"
"IV2014092316355716";"LDL95/53";"Konkelschoor (Schelde)";500;500;"99";21;"Classic";0;"Londo (1) volledig";"D";"1995-08-02";"1995-08-02";"ZSCPQ053"
"IV2014092508532954";"LDL95/54";"Brede Schoren (Schelde)";500;500;"100";21;"Classic";0;"Londo (1) volledig";"D";"1995-08-02";"1995-08-02";"ZSCPQ054"
"IV2014092509122751";"LDL95/55";"Brede Schoren (Schelde)";500;500;"100";21;"Classic";0;"Londo (1) volledig";"D";"1995-08-02";"1995-08-02";"ZSCPQ055"
"IV2014092509194459";"LDL95/56";"Brede Schoren (Schelde)";500;500;"100";21;"Classic";0;"Londo (1) volledig";"D";"1995-08-02";"1995-08-02";"ZSCPQ056"
"IV2014092509315410";"LDL95/57";"Schor van Zele (Schelde)";500;500;"49";21;"Classic";0;"Londo (1) volledig";"D";"1995-08-02";"1995-08-02";"ZSCPQ057"
"IV2014092510000741";"LDL95/58";"Schor van Zele (Schelde)";500;500;"108";21;"Classic";0;"Londo (1) volledig";"D";"1995-08-02";"1995-08-02";"ZSCPQ058"
"IV2014092510131574";"LDL95/59";"Schor van Zele (Schelde)";500;500;"54";21;"Classic";0;"Londo (1) volledig";"D";"1995-08-02";"1995-08-02";"ZSCPQ059"
"IV2014092510170634";"LDL95/60";"Groot Schoor van Grembergen (Schelde)";500;500;"60";21;"Classic";0;"Londo (1) volledig";"D";"1995-08-03";"1995-08-03";"ZSCPQ060"
"IV2014092510293231";"LDL95/61";"Pottelbergschor (Schelde)";500;500;"100";21;"Classic";0;"Londo (1) volledig";"D";"1995-08-03";"1995-08-03";"ZSCPQ061"
"IV2014092510442212";"LDL95/62";"Pottelbergschor (Schelde)";500;500;"70";21;"Classic";0;"Londo (1) volledig";"D";"1995-08-03";"1995-08-03";"ZSCPQ062"
"IV2014092510560513";"LDL95/63";"Pottelbergschor (Schelde)";500;500;"30";21;"Classic";0;"Londo (1) volledig";"D";"1995-08-03";"1995-08-03";"ZSCPQ063"
"IV2014092511064181";"LDL95/64";"Schor van Vlassenbroek O (Schelde)";500;500;"48";21;"Classic";0;"Londo (1) volledig";"D";"1995-08-09";"1995-08-09";"ZSCPQ064"
"IV2014092511313959";"LDL95/65";"Schor van Vlassenbroek O (Schelde)";500;500;"42";21;"Classic";0;"Londo (1) volledig";"D";"1995-08-09";"1995-08-09";"ZSCPQ065"
"IV2014092511400109";"LDL95/66";"Schor van Vlassenbroek O (Schelde)";500;500;"100";21;"Classic";0;"Londo (1) volledig";"D";"1995-08-09";"1995-08-09";"ZSCPQ066"
"IV2014092511554745";"LDL95/67";"Schor van Vlassenbroek O (Schelde)";500;500;"24";21;"Classic";0;"Londo (1) volledig";"D";"1995-08-09";"1995-08-09";"ZSCPQ067"
"IV2014092908495556";"LDL95/68";"Schor van Vlassenbroek O (Schelde)";500;500;"70";21;"Classic";0;"Londo (1) volledig";"D";"1995-08-09";"1995-08-09";"ZSCPQ068"
"IV2014092908560726";"LDL95/69";"Schor van Vlassenbroek O (Schelde)";500;500;"70";21;"Classic";0;"Londo (1) volledig";"D";"1995-08-09";"1995-08-09";"ZSCPQ069"
"IV2014092909132443";"LDL95/70";"t Stort bij Weert (Schelde)";500;500;"28";21;"Classic";0;"Londo (1) volledig";"D";"1995-08-10";"1995-08-10";"ZSCPQ070"
"IV2014092909265572";"LDL95/71";"t Stort bij Weert (Schelde)";500;500;"35.75";21;"Classic";0;"Londo (1) volledig";"D";"1995-08-10";"1995-08-10";"ZSCPQ071"
"IV2014092909372128";"LDL95/72";"t Stort bij Weert (Schelde)";500;500;"80";21;"Classic";0;"Londo (1) volledig";"D";"1995-08-10";"1995-08-10";"ZSCPQ072"
"IV2014092909493634";"LDL95/73";"t Stort bij Weert (Schelde)";500;500;"60";21;"Classic";0;"Londo (1) volledig";"D";"1995-08-10";"1995-08-10";"ZSCPQ073"
"IV2014092910023849";"LDL95/74";"Schor bij Branst (Schelde)";500;500;"100";21;"Classic";0;"Londo (1) volledig";"D";"1995-08-10";"1995-08-10";"ZSCPQ074"
"IV2014092910130505";"LDL95/75";"Schor bij Branst (Schelde)";500;500;"100";21;"Classic";0;"Londo (1) volledig";"D";"1995-08-10";"1995-08-10";"ZSCPQ075"
"IV2014092910241882";"LDL95/76";"Schor bij Branst (Schelde)";500;500;"49.50";21;"Classic";0;"Londo (1) volledig";"D";"1995-08-11";"1995-08-11";"ZSCPQ076"
"IV2014092910445804";"LDL95/77";"Schor bij Branst (Schelde)";500;500;"55";21;"Classic";0;"Londo (1) volledig";"D";"1995-08-11";"1995-08-11";"ZSCPQ077"
"IV2014092910531715";"LDL95/78";"Schor bij Branst (Schelde)";500;500;"29.75";21;"Classic";0;"Londo (1) volledig";"D";"1995-08-11";"1995-08-11";"ZSCPQ078"
"IV2014092911050471";"LDL95/79";"Schor bij Branst (Schelde)";500;500;"24";21;"Classic";0;"Londo (1) volledig";"D";"1995-08-11";"1995-08-11";"ZSCPQ079"
"IV2014092911153994";"LDL95/80";"Schor van Mariekerke (Schelde)";500;500;"48";21;"Classic";0;"Londo (1) volledig";"D";"1995-08-11";"1995-08-11";"ZSCPQ080"
"IV2014092911234904";"LDL95/81";"Schor van Mariekerke (Schelde)";500;500;"60";21;"Classic";1;"Londo (1) volledig";"D";"1995-08-11";"1995-08-11";"ZSCPQ081"
"IV2014092911422470";"LDL95/82";"St-Amandsschoor (Schelde)";500;500;"60";21;"Classic";0;"Londo (1) volledig";"D";"1995-08-11";"1995-08-11";"ZSCPQ082"
"IV2014092911534697";"LDL95/87";"KBR schor ten N van Barbierbeek (Schelde)";500;500;"60";21;"Classic";0;"Londo (1) volledig";"D";"1995-08-16";"1995-08-16";"ZSCPQ087"
"IV2014092913362040";"LDL95/88";"KBR schor ten N van Barbierbeek (Schelde)";500;500;"60";21;"Classic";0;"Londo (1) volledig";"D";"1995-08-16";"1995-08-16";"ZSCPQ088"
"IV2014092914041017";"LDL95/89";"KBR schor ten N van Barbierbeek (Schelde)";500;500;"60";21;"Classic";0;"Londo (1) volledig";"D";"1995-08-16";"1995-08-16";"ZSCPQ089"
"IV2014092914193315";"LDL95/90";"KBR schor ten N van Barbierbeek (Schelde)";500;500;"60";21;"Classic";0;"Londo (1) volledig";"D";"1995-08-16";"1995-08-16";"ZSCPQ090"
"IV2014092914334935";"LDL95/91";"KBR schor tss Kallebeek en Barbierbeek (Schelde)";500;500;"90";21;"Classic";0;"Londo (1) volledig";"D";"1995-08-16";"1995-08-16";"ZSCPQ091"
"IV2014092915061501";"LDL95/92";"KBR schor tss Kallebeek en Barbierbeek (Schelde)";500;500;"100";21;"Classic";0;"Londo (1) volledig";"D";"1995-08-16";"1995-08-16";"ZSCPQ092"
"IV2014092915222840";"LDL95/93";"KBR schor tss Kallebeek en Barbierbeek (Schelde)";500;500;"100";21;"Classic";0;"Londo (1) volledig";"D";"1995-08-16";"1995-08-16";"ZSCPQ093"
"IV2014092915530638";"LDL95/94";"KBR schor tss Kallebeek en Barbierbeek (Schelde)";500;500;"100";21;"Classic";0;"Londo (1) volledig";"D";"1995-08-17";"1995-08-17";"ZSCPQ094"
"IV2014092916075303";"LDL95/95";"KBR schor tss Kallebeek en Barbierbeek (Schelde)";500;500;"100";21;"Classic";0;"Londo (1) volledig";"D";"1995-08-17";"1995-08-17";"ZSCPQ095"
"IV2014092916194215";"LDL95/96";"KBR schor tss Kallebeek en Barbierbeek (Schelde)";500;500;"100";21;"Classic";0;"Londo (1) volledig";"D";"1995-08-17";"1995-08-17";"ZSCPQ096"
"IV2014092916371366";"LDL95/97";"KBR schor tss Kallebeek en Barbierbeek (Schelde)";500;500;"100";21;"Classic";0;"Londo (1) volledig";"D";"1995-08-17";"1995-08-17";"ZSCPQ097"
"IV2014093008545189";"LDL95/98";"KBR schor tss Kallebeek en Barbierbeek (Schelde)";500;500;"100";21;"Classic";0;"Londo (1) volledig";"D";"1995-08-17";"1995-08-17";"ZSCPQ098"
"IV2014093009020874";"LDL95/99";"KBR schor tss Kallebeek en Barbierbeek (Schelde)";500;500;"100";21;"Classic";0;"Londo (1) volledig";"D";"1995-08-17";"1995-08-17";"ZSCPQ099"
"IV2014093009122383";"LDL95/100";"KBR schor tss Kallebeek en Barbierbeek (Schelde)";500;500;"100";21;"Classic";0;"Londo (1) volledig";"D";"1995-08-17";"1995-08-17";"ZSCPQ100"
"IV2014093009223042";"LDL95/101";"KBR schor ten Z van Kallebeek (Schelde)";500;500;"100";21;"Classic";0;"Londo (1) volledig";"D";"1995-08-18";"1995-08-18";"ZSCPQ101"
"IV2014093009361995";"LDL95/102";"KBR schor ten Z van Kallebeek (Schelde)";500;500;"100";21;"Classic";0;"Londo (1) volledig";"D";"1995-08-18";"1995-08-18";"ZSCPQ102"
"IV2014093009544598";"LDL95/103";"KBR schor ten Z van Kallebeek (Schelde)";500;500;"65";21;"Classic";0;"Londo (1) volledig";"D";"1995-08-18";"1995-08-18";"ZSCPQ103"
"IV2014093010051040";"LDL95/104";"KBR schor ten Z van Kallebeek (Schelde)";500;500;"80";21;"Classic";0;"Londo (1) volledig";"D";"1995-08-18";"1995-08-18";"ZSCPQ104"
"IV2014093010193856";"LDL95/105";"KBR schor ten Z van Kallebeek (Schelde)";500;500;"90";21;"Classic";0;"Londo (1) volledig";"D";"1995-08-21";"1995-08-21";"ZSCPQ105"
"IV2014093010232357";"LDL95/106";"KBR schor ten Z van Kallebeek (Schelde)";500;500;"50";21;"Classic";0;"Londo (1) volledig";"D";"1995-08-21";"1995-08-21";"ZSCPQ106"
"IV2014093010361888";"LDL95/107";"KBR schor ten Z van Kallebeek (Schelde)";500;500;"100";21;"Classic";0;"Londo (1) volledig";"D";"1995-08-20";"1995-08-20";"ZSCPQ107"
"IV2014093011023285";"LDL95/108";"KBR schor ten Z van Kallebeek (Schelde)";500;500;"100";21;"Classic";0;"Londo (1) volledig";"D";"1995-08-20";"1995-08-20";"ZSCPQ108"
"IV2014093011073097";"LDL95/109";"KBR schor ten Z van Kallebeek (Schelde)";500;500;"100";21;"Classic";0;"Londo (1) volledig";"D";"1995-08-20";"1995-08-20";"ZSCPQ109"
"IV2014093011164642";"LDL95/110";"Groot Schoor van Hamme (Schelde)";500;500;"40";21;"Classic";0;"Londo (1) volledig";"D";"1995-08-22";"1995-08-22";"ZSCPQ110"
"IV2014093011263982";"LDL95/111";"Groot Schoor van Hamme (Schelde)";500;500;"100";21;"Classic";0;"Londo (1) volledig";"D";"1995-08-22";"1995-08-22";"ZSCPQ111"
"IV2014093011432533";"LDL95/112";"Groot Schoor van Hamme (Schelde)";500;500;"";21;"Classic";0;"Londo (1) volledig";"D";"1995-08-22";"1995-08-22";"ZSCPQ112"
"IV2014093011513937";"LDL95/113";"Schor aan Durmemonding (Schelde)";500;500;"80";21;"Classic";0;"Londo (1) volledig";"D";"1995-08-22";"1995-08-22";"ZSCPQ113"
"IV2014093013133269";"LDL95/114";"Veer Driegoten - Temsebrug (Schelde)";500;500;"80";21;"Classic";0;"Londo (1) volledig";"D";"1995-08-22";"1995-08-22";"ZSCPQ114"
"IV2014093013451039";"LDL95/115";"KBR schor ten Z van Kallebeek (Schelde)";500;500;"100";21;"Classic";0;"Londo (1) volledig";"D";"1995-08-23";"1995-08-23";"ZSCPQ115"
"IV2014093014105585";"LDL95/116";"KBR schor ten Z van Kallebeek (Schelde)";500;500;"100";21;"Classic";0;"Londo (1) volledig";"D";"1995-08-23";"1995-08-23";"ZSCPQ116"
"IV2014093014234959";"LDL95/117";"KBR schor ten Z van Kallebeek (Schelde)";500;500;"100";21;"Classic";0;"Londo (1) volledig";"D";"1995-08-23";"1995-08-23";"ZSCPQ117"
"IV2014093014381720";"LDL95/118";"Durme5";500;500;"60";21;"Classic";0;"Londo (1) volledig";"D";"1995-08-23";"1995-08-23";"ZSCPQ118"
"IV2014093015031050";"LDL95/120";"Schor van Mariekerke (Schelde)";500;500;"400";21;"Classic";0;"Londo (1) volledig";"D";"1995-08-28";"1995-08-28";"ZSCPQ120"
"IV2014093015235050";"LDL95/123";"Notelaar (Schelde)";500;500;"400";21;"Classic";0;"Londo (1) volledig";"D";"1995-09-01";"1995-09-01";"ZSCPQ123"
"IV2014093015403871";"LDL95/124";"Notelaar (Schelde)";500;500;"200";21;"Classic";0;"Londo (1) volledig";"D";"1995-09-01";"1995-09-01";"ZSCPQ124"
"IV2014093016085893";"LDL95/125";"Notelaar (Schelde)";500;500;"400";21;"Classic";0;"Londo (1) volledig";"D";"1995-09-01";"1995-09-01";"ZSCPQ125"
"IV2014093016274790";"LDL95/126";"Notelaar (Schelde)";500;500;"250";21;"Classic";0;"Londo (1) volledig";"D";"1995-09-06";"1995-09-06";"ZSCPQ126"
"IV2014093016433867";"LDL95/127";"Temsebrug (Schelde)";500;500;"340";21;"Classic";0;"Londo (1) volledig";"D";"1995-09-06";"1995-09-06";"ZSCPQ127"
"IV2014100209045929";"LDL95/128";"Schor bij Branst (Schelde)";500;500;"400";21;"Classic";0;"Londo (1) volledig";"D";"1995-09-08";"1995-09-08";"ZSCPQ128"
"IV2014100209272864";"LDL95/129";"Schor bij Branst (Schelde)";500;500;"400";21;"Classic";0;"Londo (1) volledig";"D";"1995-09-06";"1995-09-06";"ZSCPQ129"
"IV2014100209440695";"LDL95/130";"Schor bij Branst (Schelde)";500;500;"400";21;"Classic";0;"Londo (1) volledig";"D";"1995-09-12";"1995-09-12";"ZSCPQ130"
"IV2014100210040529";"LDL95/131";"t Stort bij Weert (Schelde)";500;500;"400";21;"Classic";0;"Londo (1) volledig";"D";"1995-09-12";"1995-09-12";"ZSCPQ131"
"IV2014100210181517";"LDL95/132";"t Stort bij Weert (Schelde)";500;500;"400";21;"Classic";0;"Londo (1) volledig";"D";"1995-09-12";"1995-09-12";"ZSCPQ132"
"IV2014100210295441";"LDL95/133";"Schor van Mariekerke (Schelde)";500;500;"400";21;"Classic";0;"Londo (1) volledig";"D";"1995-09-12";"1995-09-12";"ZSCPQ133"
"IV2014100211230864";"LDL95/134";"Schor van Mariekerke (Schelde)";500;500;"380";21;"Classic";0;"Londo (1) volledig";"D";"1995-09-12";"1995-09-12";"ZSCPQ134"
"IV2014100211365571";"LDL95/135";"St-Amandsschoor (Schelde)";500;500;"200";21;"Classic";0;"Londo (1) volledig";"D";"1995-09-14";"1995-09-14";"ZSCPQ135"
"IV2014100211514971";"LDL95/136";"St-Amandsschoor (Schelde)";500;500;"200";21;"Classic";0;"Londo (1) volledig";"D";"1995-09-14";"1995-09-14";"ZSCPQ136"
"IV2014100212054626";"LDL95/137";"St-Amandsschoor (Schelde)";500;500;"200";21;"Classic";0;"Londo (1) volledig";"D";"1995-09-14";"1995-09-14";"ZSCPQ137"
"IV2014100608450655";"LDL95/138";"St-Amandsschoor (Schelde)";500;500;"300";21;"Classic";0;"Londo (1) volledig";"D";"1995-09-14";"1995-09-14";"ZSCPQ138"
"IV2014100608563115";"LDL95/139";"Appelschor (Schelde)";500;500;"88";21;"Classic";0;"Londo (1) volledig";"D";"1995-09-21";"1995-09-21";"ZSCPQ139"
"IV2014100609195535";"LDL95/140";"Appelschor (Schelde)";500;500;"120";21;"Classic";0;"Londo (1) volledig";"D";"1995-09-21";"1995-09-21";"ZSCPQ140"
"IV2014100609392228";"LDL95/141";"Pottelbergschor (Schelde)";500;500;"100";21;"Classic";0;"Londo (1) volledig";"D";"1995-09-21";"1995-09-21";"ZSCPQ141"
"IV2014100609552068";"LDL95/142";"Schor van Zele (Schelde)";500;500;"200";21;"Classic";0;"Londo (1) volledig";"D";"1995-09-22";"1995-09-22";"ZSCPQ142"
"IV2014100610371352";"LDL95/143";"Pottelbergschor (Schelde)";500;500;"300";21;"Classic";0;"Londo (1) volledig";"D";"1995-09-21";"1995-09-21";"ZSCPQ143"
"IV2014100611042414";"LDL95/144";"Schor van Zele (Schelde)";500;500;"400";21;"Classic";0;"Londo (1) volledig";"D";"1995-09-22";"1995-09-22";"ZSCPQ144"
"IV2014100611214378";"LDL95/145";"Schor van Zele (Schelde)";500;500;"400";21;"Classic";0;"Londo (1) volledig";"D";"1995-09-22";"1995-09-22";"ZSCPQ145"
"IV2014100611345220";"LDL95/146";"Groot Schoor van Grembergen (Schelde)";500;500;"225";21;"Classic";0;"Londo (1) volledig";"D";"1995-09-22";"1995-09-22";"ZSCPQ146"
"IV2014100611504108";"LDL95/147";"Groot Schoor van Grembergen (Schelde)";500;500;"225";21;"Classic";0;"Londo (1) volledig";"D";"1995-09-22";"1995-09-22";"ZSCPQ147"
"IV2014100612044593";"LDL95/148";"Groot Schoor van Grembergen (Schelde)";500;500;"63";21;"Classic";0;"Londo (1) volledig";"D";"1995-09-22";"1995-09-22";"ZSCPQ148"
"IV2014100615372310";"LDL95/149";"Schor aan Durmemonding (Schelde)";500;500;"100";21;"Classic";0;"Londo (1) volledig";"D";"1995-09-29";"1995-09-29";"ZSCPQ149"
"IV2014100615524675";"LDL95/150";"Schor aan Durmemonding (Schelde)";500;500;"169";21;"Classic";0;"Londo (1) volledig";"D";"1995-09-29";"1995-09-29";"ZSCPQ150"
"IV2014100616071246";"LDL95/151";"De Fles (Schelde)";500;500;"221";21;"Classic";0;"Londo (1) volledig";"D";"1995-10-02";"1995-10-02";"ZSCPQ151"
"IV2014100616283664";"LDL95/152";"De Fles (Schelde)";500;500;"130";21;"Classic";0;"Londo (1) volledig";"D";"1995-10-02";"1995-10-02";"ZSCPQ152"
"IV2014100616415137";"LDL95/153";"De Fles (Schelde)";500;500;"160";21;"Classic";0;"Londo (1) volledig";"D";"1995-10-02";"1995-10-02";"ZSCPQ153"
"IV2014100708534297";"LDL95/154";"Groot Schoor van Hamme (Schelde)";500;500;"200";21;"Classic";0;"Londo (1) volledig";"D";"1995-10-02";"1995-10-02";"ZSCPQ154"
"IV2014100709100876";"LDL95/156";"Groot Schoor van Hamme (Schelde)";500;500;"100";21;"Classic";0;"Londo (1) volledig";"D";"1995-10-03";"1995-10-03";"ZSCPQ156"
"IV2014100709220314";"LDL95/2";"Schor bij Bath";500;500;"100";21;"Classic";0;"Londo (1) volledig";"D";"1995-08-19";"1995-08-19";"ZSCPQ002"
"IV2014100709483940";"LDL95/3";"Groot Buitenschoor (Schelde)";500;500;"100";21;"Classic";0;"Londo (1) volledig";"D";"1995-08-19";"1995-08-19";"ZSCPQ003"
"IV2014100709550490";"LDL95/4";"Verdronken Land van Saeftinge";500;500;"100";21;"Classic";0;"Londo (1) volledig";"D";"1995-08-17";"1995-08-17";"ZSCPQ004"
"IV2014100713324336";"LDL95/5";"Schor van Ouden Doel Z  (Schelde)";500;500;"100";21;"Classic";0;"Londo (1) volledig";"D";"1995-08-17";"1995-08-17";"ZSCPQ005"
"IV2014100713373154";"LDL95/6";"Schor van Ouden Doel Z  (Schelde)";500;500;"100";21;"Classic";0;"Londo (1) volledig";"D";"1995-08-17";"1995-08-17";"ZSCPQ006"
"IV2014100713420044";"LDL95/7";"Galgenschoor (Schelde)";500;500;"100";21;"Classic";0;"Londo (1) volledig";"D";"1995-08-16";"1995-08-16";"ZSCPQ007"
"IV2014100713481733";"LDL95/8";"Galgenschoor (Schelde)";500;500;"100";21;"Classic";0;"Londo (1) volledig";"D";"1995-08-16";"1995-08-16";"ZSCPQ008"
"IV2014100713541953";"LDL95/9";"Fort Liefkenshoek (Schelde)";500;500;"100";21;"Classic";0;"Londo (1) volledig";"D";"1995-08-20";"1995-08-20";"ZSCPQ009"
"IV2014100713572342";"LDL95/10";"Cauwelaertsluis (Antwerpen)";500;500;"100";21;"Classic";0;"Londo (1) volledig";"D";"1995-08-16";"1995-08-16";"ZSCPQ010"
"IV2014100714022262";"LDL95/11";"Oosterweel (Schelde)";500;500;"100";21;"Classic";0;"Londo (1) volledig";"D";"1995-08-16";"1995-08-16";"ZSCPQ011"
"IV2014100714095317";"LDL95/12";"St-Annastrand (Schelde)";500;500;"100";21;"Classic";0;"Londo (1) volledig";"D";"1995-08-15";"1995-08-15";"ZSCPQ012"
"IV2014100714140516";"LDL95/13";"Schor voor Galgenweel (Schelde)";500;500;"100";21;"Classic";0;"Londo (1) volledig";"D";"1995-08-15";"1995-08-15";"ZSCPQ013"
"IV2014100714343363";"LDL95/14";"KBR schor ten N van Barbierbeek (Schelde)";500;500;"100";21;"Classic";0;"Londo (1) volledig";"D";"1995-08-18";"1995-08-18";"ZSCPQ014"
"IV2014100715001070";"LDL95/15";"KBR schor ten Z van Kallebeek (Schelde)";500;500;"100";21;"Classic";0;"Londo (1) volledig";"D";"1995-08-18";"1995-08-18";"ZSCPQ015"
"IV2014100715111359";"LDL95/16";"KBR schor ten Z van Kallebeek (Schelde)";500;500;"100";21;"Classic";0;"Londo (1) volledig";"D";"1995-08-13";"1995-08-13";"ZSCPQ016"
"IV2014100715194505";"LDL95/17";"KBR schor ten Z van Kallebeek (Schelde)";500;500;"100";21;"Classic";0;"Londo (1) volledig";"D";"1995-08-14";"1995-08-14";"ZSCPQ017"
"IV2014100715252125";"LDL95/18";"Notelaar (Schelde)";500;500;"100";21;"Classic";0;"Londo (1) volledig";"D";"1995-08-12";"1995-08-12";"ZSCPQ018"
"IV2014100715331484";"LDL95/19";"Notelaar (Schelde)";500;500;"100";21;"Classic";0;"Londo (1) volledig";"D";"1995-08-14";"1995-08-14";"ZSCPQ019"
"IV2014100715374492";"LDL95/20";"Notelaar (Schelde)";500;500;"100";21;"Classic";0;"Londo (1) volledig";"D";"1995-08-14";"1995-08-14";"ZSCPQ020"
"IV2014100909003538";"LDL95/21";"Notelaar (Schelde)";500;500;"100";21;"Classic";0;"Londo (1) volledig";"D";"1995-08-12";"1995-08-12";"ZSCPQ021"
"IV2014100909121196";"LDL95/22";"Notelaar (Schelde)";500;500;"100";21;"Classic";0;"Londo (1) volledig";"D";"1995-08-12";"1995-08-12";"ZSCPQ022"
"IV2014100909303582";"LDL95/23";"Kijkverdriet (Schelde)";500;500;"100";21;"Classic";0;"Londo (1) volledig";"D";"1995-08-13";"1995-08-13";"ZSCPQ023"
"IV2014100909352638";"LDL95/24";"Kijkverdriet (Schelde)";500;500;"100";21;"Classic";0;"Londo (1) volledig";"D";"1995-08-13";"1995-08-13";"ZSCPQ024"
"IV2014100909441488";"LDL95/25";"Kijkverdriet (Schelde)";500;500;"100";21;"Classic";0;"Londo (1) volledig";"D";"1995-08-13";"1995-08-13";"ZSCPQ025"
"IV2014100909585025";"LDL95/26";"Temsebrug (Schelde)";500;500;"100";21;"Classic";0;"Londo (1) volledig";"D";"1995-08-11";"1995-08-11";"ZSCPQ026"
"IV2014100910115536";"LDL95/27";"Schor aan Durmemonding (Schelde)";500;500;"100";21;"Classic";0;"Londo (1) volledig";"D";"1995-08-11";"1995-08-11";"ZSCPQ027"
"IV2014100910154971";"LDL95/28";"Schor aan Durmemonding (Schelde)";500;500;"100";21;"Classic";0;"Londo (1) volledig";"D";"1995-08-11";"1995-08-11";"ZSCPQ028"
"IV2014100910214525";"LDL95/29";"Schor aan Durmemonding (Schelde)";500;500;"100";21;"Classic";0;"Londo (1) volledig";"D";"1995-08-11";"1995-08-11";"ZSCPQ029"
"IV2014100910335405";"LDL95/30";"Schor bij Gespoelde put (Schelde)";500;500;"100";21;"Classic";0;"Londo (1) volledig";"D";"1995-08-08";"1995-08-08";"ZSCPQ030"
"IV2014100910362129";"LDL95/31";"Schor bij Gespoelde put (Schelde)";500;500;"100";21;"Classic";0;"Londo (1) volledig";"D";"1995-08-08";"1995-08-08";"ZSCPQ031"
"IV2014100910495150";"LDL95/32";"St-Amandsschoor (Schelde)";500;500;"100";21;"Classic";0;"Londo (1) volledig";"D";"1995-08-08";"1995-08-08";"ZSCPQ032"
"IV2014100910541547";"LDL95/33";"Groot Schoor van Hamme (Schelde)";500;500;"100";21;"Classic";0;"Londo (1) volledig";"D";"1995-08-09";"1995-08-09";"ZSCPQ033"
"IV2014100911044028";"LDL95/34";"Schor voor Zimmermanpolder Bath NL (Schelde)";500;500;"100";21;"Classic";0;"Londo (1) volledig";"D";"1995-08-19";"1995-08-19";"ZSCPQ034"
"IV2014100911095536";"LDL95/35";"Schor van Vlassenbroek O (Schelde)";500;500;"100";21;"Classic";0;"Londo (1) volledig";"D";"1995-08-07";"1995-08-07";"ZSCPQ035"
"IV2014100911143543";"LDL95/36";"Schor van Vlassenbroek W (Schelde)";500;500;"100";21;"Classic";0;"Londo (1) volledig";"D";"1995-08-07";"1995-08-07";"ZSCPQ036"
"IV2014100911205725";"LDL95/37";"Schor van Vlassenbroek W (Schelde)";500;500;"100";21;"Classic";1;"Londo (1) volledig";"D";"1995-08-04";"1995-08-04";"ZSCPQ037"
"IV2014100911255514";"LDL95/38";"Schor van Vlassenbroek W (Schelde)";500;500;"100";21;"Classic";0;"Londo (1) volledig";"D";"1995-08-04";"1995-08-04";"ZSCPQ038"
"IV2014100911350488";"LDL95/39";"Cramp (Schelde)";500;500;"100";21;"Classic";0;"Londo (1) volledig";"D";"1995-08-07";"1995-08-07";"ZSCPQ039"
"IV2014100911392352";"LDL95/40";"Nieuw schor van Appels (Schelde)";500;500;"100";21;"Classic";1;"Londo (1) volledig";"D";"1995-08-03";"1995-08-03";"ZSCPQ040"
"IV2014100911455681";"LDL95/41";"Nieuw schor van Appels (Schelde)";500;500;"100";21;"Classic";1;"Londo (1) volledig";"D";"1995-08-03";"1995-08-03";"ZSCPQ041"
"IV2014100911521360";"LDL95/42";"Scheldeschoor (Schelde)";500;500;"100";21;"Classic";0;"Londo (1) volledig";"D";"1995-08-03";"1995-08-03";"ZSCPQ042"
"IV2014100911572888";"LDL95/43";"Brede Schoren (Schelde)";500;500;"100";21;"Classic";0;"Londo (1) volledig";"D";"1995-08-02";"1995-08-02";"ZSCPQ043"
"IV2014101308454110";"LDL95/44";"Konkelschoor (Schelde)";500;500;"100";21;"Classic";0;"Londo (1) volledig";"D";"1995-08-02";"1995-08-02";"ZSCPQ044"
"IV2014101308524524";"LDL95/45";"Schor bij Heusden (Schelde)";500;500;"100";21;"Classic";1;"Londo (1) volledig";"D";"1995-08-20";"1995-08-20";"ZSCPQ045"
"IV2014101309001483";"LDL95/47";"Rietsnijderij (Durme)";500;500;"100";21;"Classic";0;"Londo (1) volledig";"D";"1995-08-05";"1995-08-05";"ZSCPQ047"
"IV2014101309093604";"LDL95/48";"Rietsnijderij (Durme)";500;500;"100";21;"Classic";0;"Londo (1) volledig";"D";"1995-08-10";"1995-08-10";"ZSCPQ048"
"IV2014101309154309";"LDL95/49";"Bunt (Durme)";500;500;"100";21;"Classic";0;"Londo (1) volledig";"D";"1995-08-10";"1995-08-10";"ZSCPQ049"
"IV2014101309271220";"LDL95/50";"Schor bij Niel (Rupel4)";500;500;"100";21;"Classic";0;"Londo (1) volledig";"D";"1995-08-18";"1995-08-18";"ZSCPQ050"
"IV2014101309393797";"LDL95/51";"Verdronken Land van Saeftinge, Emmadorp, NL.";500;500;"100";21;"Classic";1;"Londo (1) volledig";"D";"1995-08-24";"1995-08-24";"ZSCPQ051"
"IV2014101309462686";"LDL95/157";"Schor van Ouden Doel Z  (Schelde)";500;500;"25";21;"Classic";1;"Londo (1) volledig";"D";"1995-10-04";"1995-10-04";"ZSCPQ157"
"IV2014101309520749";"LDL95/158";"Schor van Ouden Doel Z  (Schelde)";500;500;"25";21;"Classic";1;"Londo (1) volledig";"D";"1995-10-04";"1995-10-04";"ZSCPQ158"
"IV2014101309560024";"LDL95/159";"Schor van Ouden Doel Z  (Schelde)";500;500;"25";21;"Classic";1;"Londo (1) volledig";"D";"1995-10-04";"1995-10-04";"ZSCPQ159"
"IV2014101310092570";"LDL95/160";"Schor van Ouden Doel Z  (Schelde)";500;500;"25";21;"Classic";1;"Londo (1) volledig";"D";"1995-10-04";"1995-10-04";"ZSCPQ160"
"IV2014101310155122";"LDL95/161";"Schor van Ouden Doel Z  (Schelde)";500;500;"25";21;"Classic";1;"Londo (1) volledig";"D";"1995-10-04";"1995-10-04";"ZSCPQ161"
"IV2014101310230565";"LDL95/162";"Schor van Ouden Doel Z  (Schelde)";500;500;"20";21;"Classic";1;"Londo (1) volledig";"D";"1995-10-04";"1995-10-04";"ZSCPQ162"
"IV2014101310354502";"LDL95/163";"Schor van Ouden Doel Z  (Schelde)";500;500;"25";21;"Classic";1;"Londo (1) volledig";"D";"1995-10-04";"1995-10-04";"ZSCPQ163"
"IV2014101310420510";"LDL95/164";"Schor van Ouden Doel Z  (Schelde)";500;500;"25";21;"Classic";1;"Londo (1) volledig";"D";"1995-10-04";"1995-10-04";"ZSCPQ164"
"IV2014101310482232";"LDL95/165";"Schor van Ouden Doel Z  (Schelde)";500;500;"25";21;"Classic";1;"Londo (1) volledig";"D";"1995-10-04";"1995-10-04";"ZSCPQ165"
"IV2014101310535677";"LDL95/166";"Schor van Ouden Doel Z  (Schelde)";500;500;"25";21;"Classic";1;"Londo (1) volledig";"D";"1995-10-05";"1995-10-05";"ZSCPQ166"
"IV2014101311042731";"LDL95/167";"Schor van Ouden Doel Z  (Schelde)";500;500;"25";21;"Classic";1;"Londo (1) volledig";"D";"1995-10-05";"1995-10-05";"ZSCPQ167"
"IV2014101311101423";"LDL95/168";"Schor van Ouden Doel Z  (Schelde)";500;500;"25";21;"Classic";1;"Londo (1) volledig";"D";"1995-10-05";"1995-10-05";"ZSCPQ168"
"IV2014101311141562";"LDL95/169";"Schor van Ouden Doel Z  (Schelde)";500;500;"25";21;"Classic";1;"Londo (1) volledig";"D";"1995-10-05";"1995-10-05";"ZSCPQ169"
"IV2014101311204876";"LDL95/170";"Schor van Ouden Doel Z  (Schelde)";500;500;"25";21;"Classic";1;"Londo (1) volledig";"D";"1995-10-05";"1995-10-05";"ZSCPQ170"
"IV2014101311242728";"LDL95/171";"Schor van Ouden Doel Z  (Schelde)";500;500;"25";21;"Classic";0;"Londo (1) volledig";"D";"1995-10-05";"1995-10-05";"ZSCPQ171"
"IV2014101311295712";"LDL95/172";"Schor van Ouden Doel N  (Schelde)";500;500;"25";21;"Classic";1;"Londo (1) volledig";"D";"1995-10-05";"1995-10-05";"ZSCPQ172"
"IV2014101311375311";"LDL95/173";"Schor van Ouden Doel N  (Schelde)";500;500;"25";21;"Classic";1;"Londo (1) volledig";"D";"1995-10-05";"1995-10-05";"ZSCPQ173"
"IV2014101311500760";"LDL95/174";"Schor van Ouden Doel N  (Schelde)";500;500;"25";21;"Classic";1;"Londo (1) volledig";"D";"1995-10-05";"1995-10-05";"ZSCPQ174"
"IV2014101311570235";"LDL95/175";"Schor van Ouden Doel N  (Schelde)";500;500;"25";21;"Classic";1;"Londo (1) volledig";"D";"1995-10-05";"1995-10-05";"ZSCPQ175"
"IV2014101312091315";"LDL95/176";"Schor van Ouden Doel N  (Schelde)";500;500;"9";21;"Classic";1;"Londo (1) volledig";"D";"1995-10-06";"1995-10-06";"ZSCPQ176"
"IV2014101313400263";"LDL95/177";"Schor van Ouden Doel N  (Schelde)";500;500;"3";21;"Classic";1;"Londo (1) volledig";"D";"1995-10-06";"1995-10-06";"ZSCPQ177"
"IV2014101313450186";"LDL95/178";"Schor van Ouden Doel N  (Schelde)";500;500;"4";21;"Classic";1;"Londo (1) volledig";"D";"1995-10-06";"1995-10-06";"ZSCPQ178"
"IV2014101313542398";"LDL95/179";"Schor van Ouden Doel N  (Schelde)";500;500;"4";21;"Classic";1;"Londo (1) volledig";"D";"1995-10-06";"1995-10-06";"ZSCPQ179"
"IV2014101313590723";"LDL95/180";"Schor van Ouden Doel N  (Schelde)";500;500;"9";21;"Classic";1;"Londo (1) volledig";"D";"1995-10-06";"1995-10-06";"ZSCPQ180"
"IV2014101314090977";"LDL95/181";"Schor van Ouden Doel N  (Schelde)";500;500;"6.25";21;"Classic";1;"Londo (1) volledig";"D";"1995-10-06";"1995-10-06";"ZSCPQ181"
"IV2014101314161906";"LDL95/182";"Schor van Ouden Doel N  (Schelde)";500;500;"9";21;"Classic";1;"Londo (1) volledig";"D";"1995-10-06";"1995-10-06";"ZSCPQ182"
"IV2014101314244127";"LDL95/183";"Schor van Ouden Doel N  (Schelde)";500;500;"9";21;"Classic";1;"Londo (1) volledig";"D";"1995-10-06";"1995-10-06";"ZSCPQ183"
"IV2014101314403398";"LDL95/184";"Galgenschoor (Schelde)";500;500;"5.25";21;"Classic";1;"Londo (1) volledig";"D";"1995-10-09";"1995-10-09";"ZSCPQ184"
"IV2014101314483585";"LDL95/185";"Galgenschoor (Schelde)";500;500;"9";21;"Classic";1;"Londo (1) volledig";"D";"1995-10-09";"1995-10-09";"ZSCPQ185"
"IV2014101315031728";"LDL95/186";"Galgenschoor (Schelde)";500;500;"9";21;"Classic";1;"Londo (1) volledig";"D";"1995-10-09";"1995-10-09";"ZSCPQ186"
"IV2014101315095027";"LDL95/187";"Galgenschoor (Schelde)";500;500;"9";21;"Classic";1;"Londo (1) volledig";"D";"1995-10-09";"1995-10-09";"ZSCPQ187"
"IV2014101315221470";"LDL95/188";"Galgenschoor (Schelde)";500;500;"6";21;"Classic";1;"Londo (1) volledig";"D";"1995-10-09";"1995-10-09";"ZSCPQ188"
"IV2014101315294142";"LDL95/189";"Galgenschoor (Schelde)";500;500;"9";21;"Classic";1;"Londo (1) volledig";"D";"1995-10-09";"1995-10-09";"ZSCPQ189"
"IV2014101315323789";"LDL95/190";"Galgenschoor (Schelde)";500;500;"6.25";21;"Classic";1;"Londo (1) volledig";"D";"1995-10-09";"1995-10-09";"ZSCPQ190"
"IV2014101315393892";"LDL95/191";"Galgenschoor (Schelde)";500;500;"6";21;"Classic";1;"Londo (1) volledig";"D";"1995-10-09";"1995-10-09";"ZSCPQ191"
"IV2014101315450322";"LDL95/192";"Groot Buitenschoor (Schelde)";500;500;"9";21;"Classic";1;"Londo (1) volledig";"D";"1995-10-10";"1995-10-10";"ZSCPQ192"
"IV2014101315492411";"LDL95/193";"Groot Buitenschoor (Schelde)";500;500;"9";21;"Classic";1;"Londo (1) volledig";"D";"1995-10-10";"1995-10-10";"ZSCPQ193"
"IV2014101315545123";"LDL95/194";"Groot Buitenschoor (Schelde)";500;500;"9";21;"Classic";1;"Londo (1) volledig";"D";"1995-10-10";"1995-10-10";"ZSCPQ194"
"IV2014101315581831";"LDL95/195";"Groot Buitenschoor (Schelde)";500;500;"9";21;"Classic";1;"Londo (1) volledig";"D";"1995-10-10";"1995-10-10";"ZSCPQ195"
"IV2014101316021339";"LDL95/196";"Groot Buitenschoor (Schelde)";500;500;"9";21;"Classic";1;"Londo (1) volledig";"D";"1995-10-10";"1995-10-10";"ZSCPQ196"
"IV2014101316053223";"LDL95/197";"Groot Buitenschoor (Schelde)";500;500;"9";21;"Classic";1;"Londo (1) volledig";"D";"1995-10-10";"1995-10-10";"ZSCPQ197"
"IV2014101316104545";"LDL95/198";"Groot Buitenschoor (Schelde)";500;500;"9";21;"Classic";1;"Londo (1) volledig";"D";"1995-10-10";"1995-10-10";"ZSCPQ198"
"IV2014101316163836";"LDL95/199";"Groot Buitenschoor (Schelde)";500;500;"9";21;"Classic";1;"Londo (1) volledig";"D";"1995-10-10";"1995-10-10";"ZSCPQ199"
"IV2014101316210292";"LDL95/200";"Groot Buitenschoor (Schelde)";500;500;"9";21;"Classic";1;"Londo (1) volledig";"D";"1995-10-13";"1995-10-13";"ZSCPQ200"
"IV2014101316244338";"LDL95/201";"Groot Buitenschoor (Schelde)";500;500;"9";21;"Classic";1;"Londo (1) volledig";"D";"1995-10-13";"1995-10-13";"ZSCPQ201"
"IV2014101316284644";"LDL95/202";"Groot Buitenschoor (Schelde)";500;500;"9";21;"Classic";1;"Londo (1) volledig";"D";"1995-10-13";"1995-10-13";"ZSCPQ202"
"IV2014101316312845";"LDL95/203";"Groot Buitenschoor (Schelde)";500;500;"9";21;"Classic";1;"Londo (1) volledig";"D";"1995-10-13";"1995-10-13";"ZSCPQ203"
"IV2014101316384449";"LDL95/204";"Groot Buitenschoor (Schelde)";500;500;"9";21;"Classic";1;"Londo (1) volledig";"D";"1995-10-13";"1995-10-13";"ZSCPQ204"
"IV2014101316405446";"LDL95/205";"Schor van Ouden Doel N  (Schelde)";500;500;"9";21;"Classic";1;"Londo (1) volledig";"D";"1995-10-13";"1995-10-13";"ZSCPQ205"
"IV2016082611555222";"BV16/006";"Heusden LO (NOP) (Schelde)";500;500;"9";21;"Classic";0;"Londo (1) volledig";"D";"2016-08-24";"2016-08-24";"ZSCPQ289"
"IV2016082612180319";"BV16/007";"Heusden LO (NOP) (Schelde)";500;500;"9";21;"Classic";0;"Londo (1) volledig";"D";"2016-08-24";"2016-08-24";"ZSCPQ288"
"IV2016082612202151";"BV16/008";"Heusden LO (NOP) (Schelde)";500;500;"9";21;"Classic";0;"Londo (1) volledig";"D";"2016-08-24";"2016-08-24";"ZSCPQ286"
"IV2016082612300112";"BV16/009";"Heusden LO (NOP) (Schelde)";500;500;"9";21;"Classic";0;"Londo (1) volledig";"D";"2016-08-24";"2016-08-24";"ZSCPQ287"
"IV2016082613501141";"BV16/010";"Heusden LO (NOP) (Schelde)";500;500;"9";21;"Classic";0;"Londo (1) volledig";"D";"2016-08-24";"2016-08-24";"ZSCPQ290"
"IV2016082614071524";"BV16/011";"Heusden LO (NOP) (Schelde)";500;500;"9";21;"Classic";0;"Londo (1) volledig";"D";"2016-08-24";"2016-08-24";"ZSCPQ291"
"IV2016082614191885";"BV16/012";"Heusden LO (NOP) (Schelde)";500;500;"9";21;"Classic";0;"Londo (1) volledig";"D";"2016-08-24";"2016-08-24";"ZSCPQ292"
"IV2016082614393858";"BV16/013";"Heusden LO (NOP) (Schelde)";500;500;"9";21;"Classic";0;"Londo (1) volledig";"D";"2016-08-24";"2016-08-24";"ZSCPQ293"
"IV2016082614462801";"BV16/014";"Heusden LO (NOP) (Schelde)";500;500;"9";21;"Classic";0;"Londo (1) volledig";"D";"2016-08-25";"2016-08-25";"ZSCPQ294"
"IV2016082615070393";"BV16/015";"Heusden LO (NOP) (Schelde)";500;500;"8.75";21;"Classic";0;"Londo (1) volledig";"D";"2016-08-25";"2016-08-25";"ZSCPQ295"
"IV2016082615211853";"BV16/016";"Heusden LO (NOP) (Schelde)";500;500;"9";21;"Classic";0;"Londo (1) volledig";"D";"2016-08-25";"2016-08-25";"ZSCPQ296"
"IV2016082615224595";"BV16/017";"Heusden LO (NOP) (Schelde)";500;500;"64";21;"Classic";0;"Londo (1) volledig";"D";"2016-08-25";"2016-08-25";"ZSCPQ297"
"IV2016082615321018";"BV16/018";"Heusden LO (NOP) (Schelde)";500;500;"9";21;"Classic";0;"Londo (1) volledig";"D";"2016-08-25";"2016-08-25";"ZSCPQ298"
"IV2016082615412703";"BV16/019";"Heusden LO (NOP) (Schelde)";500;500;"9";21;"Classic";0;"Londo (1) volledig";"D";"2016-08-25";"2016-08-25";"ZSCPQ299"
"IV2016082615420145";"BV16/020";"Heusden LO (NOP) (Schelde)";500;500;"9";21;"Classic";0;"Londo (1) volledig";"D";"2016-08-25";"2016-08-25";"ZSCPQ300"
"IV2016082615482072";"BV16/021";"Heusden LO (NOP) (Schelde)";500;500;"100";21;"Classic";0;"Londo (1) volledig";"D";"2016-08-25";"2016-08-25";"ZSCPQ301"
"IV2016112914291503";"BV16/022";"Paddebeek (NOP) (Schelde)";500;500;"4";21;"Classic";0;"Londo (1) volledig";"D";"2016-09-02";"2016-09-02";"ZSCPQ260"
"IV2016112914553650";"BV16/023";"Paddebeek (NOP) (Schelde)";500;500;"4";21;"Classic";0;"Londo (1) volledig";"D";"2016-09-02";"2016-09-02";"ZSCPQ261"
"IV2016112914593182";"BV16/024";"Paddebeek (NOP) (Schelde)";500;500;"9";21;"Classic";0;"Londo (1) volledig";"D";"2016-09-02";"2016-09-02";"ZSCPQ262"
"IV2016112915051931";"BV16/025";"Paddebeek (NOP) (Schelde)";500;500;"7.5";21;"Classic";0;"Londo (1) volledig";"D";"2016-09-02";"2016-09-02";"ZSCPQ263"
"IV2016112915224763";"BV16/026";"Paddebeek (NOP) (Schelde)";500;500;"7.5";21;"Classic";0;"Londo (1) volledig";"D";"2016-09-02";"2016-09-02";"ZSCPQ268"
"IV2016112915271030";"BV16/027";"Paddebeek (NOP) (Schelde)";500;500;"9";21;"Classic";0;"Londo (1) volledig";"D";"2016-09-02";"2016-09-02";"ZSCPQ267"
"IV2016112915314848";"BV16/028";"Paddebeek (NOP) (Schelde)";500;500;"9";21;"Classic";0;"Londo (1) volledig";"D";"2016-09-02";"2016-09-02";"ZSCPQ266"
"IV2016112915372578";"BV16/029";"Paddebeek (NOP) (Schelde)";500;500;"4";21;"Classic";0;"Londo (1) volledig";"D";"2016-09-02";"2016-09-02";"ZSCPQ265"
"IV2016112915500077";"BV16/030";"Paddebeek (NOP) (Schelde)";500;500;"4";21;"Classic";0;"Londo (1) volledig";"D";"2016-09-02";"2016-09-02";"ZSCPQ264"
"IV2016112916065444";"BV16/031";"Paddebeek (NOP) (Schelde)";500;500;"9";21;"Classic";0;"Londo (1) volledig";"D";"2016-09-02";"2016-09-02";"ZSCPQ271"
"IV2016112916221016";"BV16/032";"Paddebeek (NOP) (Schelde)";500;500;"7.5";21;"Classic";0;"Londo (1) volledig";"D";"2016-09-02";"2016-09-02";"ZSCPQ272"
"IV2016112916360396";"BV16/033";"Paddebeek (NOP) (Schelde)";500;500;"4";21;"Classic";0;"Londo (1) volledig";"D";"2016-09-02";"2016-09-02";"ZSCPQ270"
"IV2016112916493163";"BV16/034";"Paddebeek (NOP) (Schelde)";500;500;"4";21;"Classic";0;"Londo (1) volledig";"D";"2016-09-02";"2016-09-02";"ZSCPQ269"
"IV2016120512033460";"BV16/035";"Ketenissepolder N (NOP) (Schelde)";500;500;"9";21;"Classic";0;"Londo (1) volledig";"D";"2016-10-07";"2016-10-07";"ZSCPQ222"
"IV2016120512253758";"BV16/036";"Ketenissepolder N (NOP) (Schelde)";500;500;"9";21;"Classic";0;"Londo (1) volledig";"D";"2016-10-07";"2016-10-07";"ZSCPQ223"
"IV2016120513550192";"BV16/037";"Ketenissepolder N (NOP) (Schelde)";500;500;"4";21;"Classic";0;"Londo (1) volledig";"D";"2016-10-07";"2016-10-07";"ZSCPQ224"
"IV2016120513593673";"BV16/038";"Ketenissepolder N (NOP) (Schelde)";500;500;"9";21;"Classic";0;"Londo (1) volledig";"D";"2016-10-07";"2016-10-07";"ZSCPQ225"
"IV2016120514025089";"BV16/039";"Ketenissepolder N (NOP) (Schelde)";500;500;"9";21;"Classic";0;"Londo (1) volledig";"D";"2016-10-07";"2016-10-07";"ZSCPQ226"
"IV2016120516150711";"BV16/040";"Ketenissepolder N (NOP) (Schelde)";500;500;"9";21;"Classic";0;"Londo (1) volledig";"D";"2016-10-07";"2016-10-07";"ZSCPQ227"
"IV2016121209184714";"BV16/041";"Ketenissepolder N (NOP) (Schelde)";500;500;"9";21;"Classic";0;"Londo (1) volledig";"D";"2016-10-07";"2016-10-07";"ZSCPQ228"
"IV2016121209224823";"BV16/042";"Ketenissepolder N (NOP) (Schelde)";500;500;"9";21;"Classic";0;"Londo (1) volledig";"D";"2016-10-07";"2016-10-07";"ZSCPQ229"
"IV2016121209285905";"BV16/043";"Ketenissepolder N (NOP) (Schelde)";500;500;"9";21;"Classic";0;"Londo (1) volledig";"D";"2016-10-10";"2016-10-10";"ZSCPQ230"
"IV2016121209533523";"BV16/044";"Ketenissepolder N (NOP) (Schelde)";500;500;"9";21;"Classic";0;"Londo (1) volledig";"D";"2016-10-10";"2016-10-10";"ZSCPQ231"
"IV2016121210005704";"BV16/045";"Ketenissepolder N (NOP) (Schelde)";500;500;"9";21;"Classic";0;"Londo (1) volledig";"D";"2016-10-10";"2016-10-10";"ZSCPQ232"
"IV2016121210065502";"BV16/046";"Ketenissepolder N (NOP) (Schelde)";500;500;"9";21;"Classic";0;"Londo (1) volledig";"D";"2016-10-10";"2016-10-10";"ZSCPQ233"
"IV2016121210233402";"BV16/047";"Ketenissepolder N (NOP) (Schelde)";500;500;"9";21;"Classic";0;"Londo (1) volledig";"D";"2016-10-10";"2016-10-10";"ZSCPQ234"
"IV2016121210270759";"BV16/048";"Ketenissepolder N (NOP) (Schelde)";500;500;"9";21;"Classic";0;"Londo (1) volledig";"D";"2016-10-10";"2016-10-10";"ZSCPQ235"
"IV2016121210295788";"BV16/049";"Ketenissepolder N (NOP) (Schelde)";500;500;"9";21;"Classic";0;"Londo (1) volledig";"D";"2016-10-10";"2016-10-10";"ZSCPQ236"
"IV2016121210483116";"BV16/050";"Ketenissepolder N (NOP) (Schelde)";500;500;"16";21;"Classic";0;"Londo (1) volledig";"D";"2016-10-10";"2016-10-10";"ZSCPQ239"
"IV2016121210510504";"BV16/051";"Ketenissepolder N (NOP) (Schelde)";500;500;"9";21;"Classic";0;"Londo (1) volledig";"D";"2016-10-10";"2016-10-10";"ZSCPQ238"
"IV2016121211101321";"BV16/052";"Ketenissepolder N (NOP) (Schelde)";500;500;"9";21;"Classic";0;"Londo (1) volledig";"D";"2016-10-10";"2016-10-10";"ZSCPQ237"
"IV2016121211135257";"BV16/053";"Ketenissepolder Z (NOP) (Schelde)";500;500;"9";21;"Classic";0;"Londo (1) volledig";"D";"2016-10-10";"2016-10-10";"ZSCPQ240"
"IV2016121213353352";"BV16/054";"Ketenissepolder Z (NOP) (Schelde)";500;500;"9";21;"Classic";0;"Londo (1) volledig";"D";"2016-10-10";"2016-10-10";"ZSCPQ241"
"IV2016121213410683";"BV16/056";"Ketenissepolder Z (NOP) (Schelde)";500;500;"9";21;"Classic";0;"Londo (1) volledig";"D";"2016-10-10";"2016-10-10";"ZSCPQ242"
"IV2016121213454156";"BV16/057";"Ketenissepolder Z (NOP) (Schelde)";500;500;"9";21;"Classic";0;"Londo (1) volledig";"D";"2016-10-10";"2016-10-10";"ZSCPQ243"
"IV2016121214092447";"BV16/058";"Ketenissepolder Z (NOP) (Schelde)";500;500;"9";21;"Classic";0;"Londo (1) volledig";"D";"2016-10-10";"2016-10-10";"ZSCPQ244"
"IV2016121214153466";"BV16/055";"Ketenissepolder Z (NOP) (Schelde)";500;500;"9";21;"Classic";0;"Londo (1) volledig";"D";"2016-10-10";"2016-10-10";"ZSCPQ245"
"IV2016121214265304";"BV16/059";"Ketenissepolder Z (NOP) (Schelde)";500;500;"9";21;"Classic";0;"Londo (1) volledig";"D";"2016-10-10";"2016-10-10";"ZSCPQ251"
"IV2016121214293707";"BV16/060";"Ketenissepolder Z (NOP) (Schelde)";500;500;"9";21;"Classic";0;"Londo (1) volledig";"D";"2016-10-10";"2016-10-10";"ZSCPQ250"
"IV2016121214593549";"BV16/061";"Ketenissepolder Z (NOP) (Schelde)";500;500;"9";21;"Classic";0;NA;NA;NA;NA;"ZSCPQ249"
"IV2016121215031282";"BV16/062";"Ketenissepolder Z (NOP) (Schelde)";500;500;"9";21;"Classic";0;"Londo (1) volledig";"D";"2016-10-10";"2016-10-10";"ZSCPQ248"
"IV2016121215054565";"BV16/063";"Ketenissepolder Z (NOP) (Schelde)";500;500;"9";21;"Classic";0;"Londo (1) volledig";"D";"2016-10-12";"2016-10-12";"ZSCPQ246"
"IV2016121215485360";"BV16/064";"Ketenissepolder Z (NOP) (Schelde)";500;500;"9";21;"Classic";0;"Londo (1) volledig";"D";"2016-10-12";"2016-10-12";"ZSCPQ247"
"IV2016121215515500";"BV16/065";"Ketenissepolder Z (NOP) (Schelde)";500;500;"9";21;"Classic";0;"Londo (1) volledig";"D";"2016-10-12";"2016-10-12";"ZSCPQ253"
"IV2016121215545130";"BV16/066";"Ketenissepolder Z (NOP) (Schelde)";500;500;"9";21;"Classic";0;"Londo (1) volledig";"D";"2016-10-12";"2016-10-12";"ZSCPQ252"
"IV2016121215582563";"BV16/067";"Ketenissepolder Z (NOP) (Schelde)";500;500;"9";21;"Classic";0;"Londo (1) volledig";"D";"2016-10-12";"2016-10-12";"ZSCPQ254"
"IV2016121216044243";"BV16/068";"Ketenissepolder Z (NOP) (Schelde)";500;500;"9";21;"Classic";0;"Londo (1) volledig";"D";"2016-10-12";"2016-10-12";"ZSCPQ255"
"IV2016121216204483";"BV16/069";"Ketenissepolder Z (NOP) (Schelde)";500;500;"9";21;"Classic";0;"Londo (1) volledig";"D";"2016-10-12";"2016-10-12";"ZSCPQ256"
"IV2016121216243621";"BV16/070";"Ketenissepolder Z (NOP) (Schelde)";500;500;"9";21;"Classic";0;"Londo (1) volledig";"D";"2016-10-12";"2016-10-12";"ZSCPQ257"
"IV2016121216304442";"BV16/071";"Ketenissepolder Z (NOP) (Schelde)";500;500;"9";21;"Classic";0;"Londo (1) volledig";"D";"2016-10-12";"2016-10-12";"ZSCPQ258"
"IV2016121216340009";"BV16/072";"Ketenissepolder Z (NOP) (Schelde)";500;500;"9";21;"Classic";0;"Londo (1) volledig";"D";"2016-10-12";"2016-10-12";"ZSCPQ259"
"IV2016121216420845";"BV16/073";"Paardeschor (NOP) (Schelde)";500;500;"16";21;"Classic";0;"Londo (1) volledig";"D";"2016-10-12";"2016-10-12";"ZSCPQ273"
"IV2016121216472444";"BV16/074";"Paardeschor (NOP) (Schelde)";500;500;"16";21;"Classic";0;"Londo (1) volledig";"D";"2016-10-12";"2016-10-12";"ZSCPQ274"
"IV2016121216550869";"BV16/075";"Paardeschor (NOP) (Schelde)";500;500;"16";21;"Classic";0;"Londo (1) volledig";"D";"2016-10-12";"2016-10-12";"ZSCPQ302"
"IV2016121310230621";"BV16/076";"Paardeschor (NOP) (Schelde)";500;500;"16";21;"Classic";0;"Londo (1) volledig";"D";"2016-10-13";"2016-10-13";"ZSCPQ283"
"IV2016121310255731";"BV16/077";"Paardeschor (NOP) (Schelde)";500;500;"16";21;"Classic";0;"Londo (1) volledig";"D";"2016-10-13";"2016-10-13";"ZSCPQ284"
"IV2016121310284262";"BV16/078";"Paardeschor (NOP) (Schelde)";500;500;"16";21;"Classic";0;"Londo (1) volledig";"D";"2016-10-13";"2016-10-13";"ZSCPQ285"
"IV2016121310504390";"BV16/079";"Paardeschor (NOP) (Schelde)";500;500;"16";21;"Classic";0;"Londo (1) volledig";"D";"2016-10-13";"2016-10-13";"ZSCPQ282"
"IV2016121310554931";"BV16/080";"Paardeschor (NOP) (Schelde)";500;500;"16";21;"Classic";0;"Londo (1) volledig";"D";"2016-10-13";"2016-10-13";"ZSCPQ281"
"IV2016121310580986";"BV16/081";"Paardeschor (NOP) (Schelde)";500;500;"16";21;"Classic";0;NA;NA;NA;NA;"ZSCPQ280"
"IV2016121311022634";"BV16/082";"Paardeschor (NOP) (Schelde)";500;500;"16";21;"Classic";0;"Londo (1) volledig";"D";"2016-10-13";"2016-10-13";"ZSCPQ279"
"IV2016121311063584";"BV16/083";"Paardeschor (NOP) (Schelde)";500;500;"16";21;"Classic";0;"Londo (1) volledig";"D";"2016-10-13";"2016-10-13";"ZSCPQ278"
"IV2016121311092263";"BV16/084";"Paardeschor (NOP) (Schelde)";500;500;"16";21;"Classic";0;"Londo (1) volledig";"D";"2016-10-13";"2016-10-13";"ZSCPQ275"
"IV2016121311132055";"BV16/085";"Paardeschor (NOP) (Schelde)";500;500;"16";21;"Classic";0;"Londo (1) volledig";"D";"2016-10-13";"2016-10-13";"ZSCPQ276"
"IV2016121311161785";"BV16/086";"Paardeschor (NOP) (Schelde)";500;500;"16";21;"Classic";0;"Londo (1) volledig";"D";"2016-10-13";"2016-10-13";"ZSCPQ277"
