mhq_cycle	assessment_date	polygon_id	type	is_present	any_habitat	assessment_source	inaccessible	not_measurable	reason_not_measurable
1	15706	WVLBRN0145	3130_aom	1	1	field assessment	NA	NA	NA
1	16071	ANTBAL0711	3130_aom	0	0	field assessment	NA	NA	NA
1	16071	ANTBCT0572	3130_na	1	1	NA	long term	NA	NA
1	16071	ANTBRM0421	3150	0	0	field assessment	NA	NA	NA
1	16071	ANTBRS0068	3130_aom	1	1	field assessment	NA	NA	NA
1	16071	ANTBRS0068	3130_na	1	1	field assessment	NA	NA	NA
1	16071	ANTBRS0068	3140	1	1	field assessment	NA	NA	NA
1	16071	ANTBSE0314	3130_aom	1	1	field assessment	NA	NA	NA
1	16071	ANTBSE0314	3130_na	1	1	field assessment	NA	NA	NA
1	16071	ANTBSE0334	3130_aom	1	1	field assessment	NA	NA	NA
1	16071	ANTBSE0334	3130_na	1	1	field assessment	NA	NA	NA
1	16071	ANTBSE0336	3130_na	1	1	field assessment	NA	NA	NA
1	16071	ANTDES0075	3150	1	1	field assessment	NA	NA	NA
1	16071	ANTGEE0105	3140	0	1	field assessment	NA	NA	NA
1	16071	ANTGEE0105	3150	1	1	field assessment	NA	NA	NA
1	16071	ANTHST0458	3130_aom	0	0	field assessment	NA	NA	NA
1	16071	ANTHST0460	3130_aom	1	1	field assessment	NA	NA	NA
1	16071	ANTHST0508	3130_aom	1	1	field assessment	NA	NA	NA
1	16071	ANTHUL0132	3130_aom	1	1	field assessment	NA	NA	NA
1	16071	ANTHUL0219	3130_aom	0	0	field assessment	NA	NA	NA
1	16071	ANTHUL0276	3130_aom	0	0	field assessment	NA	NA	NA
1	16071	ANTKAS0302	3130_aom	1	1	field assessment	NA	NA	NA
1	16071	ANTKAS0616	3160	1	1	field assessment	NA	NA	NA
1	16071	ANTMAL0136	3130_na	1	1	field assessment	NA	NA	NA
1	16071	ANTMOL0036	3150	1	1	field assessment	NA	NA	NA
1	16071	ANTMOL0088	3130_aom	1	1	field assessment	NA	NA	NA
1	16071	ANTMOL0088	3130_na	1	1	field assessment	NA	NA	NA
1	16071	ANTMOL0138	3130_na	1	1	field assessment	NA	NA	NA
1	16071	ANTMOL0138	3140	1	1	field assessment	NA	NA	NA
1	16071	ANTMOL0138	3150	1	1	field assessment	NA	NA	NA
1	16071	ANTMOL0152	3130_aom	1	1	field assessment	NA	NA	NA
1	16071	ANTMOL0152	3130_na	1	1	field assessment	NA	NA	NA
1	16071	ANTMOL0152	3140	1	1	field assessment	NA	NA	NA
1	16071	ANTMOL0720	3130_aom	1	1	field assessment	NA	NA	NA
1	16071	ANTOTH0015	3130_aom	1	1	field assessment	NA	NA	NA
1	16071	ANTOTH0271	3160	1	1	field assessment	NA	NA	NA
1	16071	ANTRAN0277	3130_aom	1	1	field assessment	NA	NA	NA
1	16071	ANTRAN0277	3130_na	0	1	field assessment	NA	NA	NA
1	16071	ANTRET0186	3130_aom	1	1	field assessment	NA	NA	NA
1	16071	ANTRET0186	3140	1	1	field assessment	NA	NA	NA
1	16071	ANTRET0199	3130_aom	1	1	field assessment	NA	NA	NA
1	16071	ANTRET0236	3130_aom	0	1	field assessment	NA	NA	NA
1	16071	ANTRET0236	3140	1	1	field assessment	NA	NA	NA
1	16071	ANTRIJ0072	3130_na	1	1	field assessment	NA	NA	NA
1	16071	ANTRIJ0308	3130_aom	1	1	field assessment	NA	NA	NA
1	16071	ANTRIJ0308	3130_na	1	1	field assessment	NA	NA	NA
1	16071	ANTTUR0065	3130_aom	1	1	field assessment	NA	NA	NA
1	16071	ANTTUR0065	3130_na	1	1	field assessment	NA	NA	NA
1	16071	ANTTUR0127	3150	0	0	field assessment	NA	NA	NA
1	16071	ANTTUR0142	3150	1	1	field assessment	NA	NA	NA
1	16071	ANTTUR0207	3130_aom	1	1	field assessment	NA	NA	NA
1	16071	ANTTUR0207	3130_na	1	1	field assessment	NA	NA	NA
1	16071	ANTTUR0207	3140	1	1	field assessment	NA	NA	NA
1	16071	ANTTUR0301	3130_aom	1	1	field assessment	NA	NA	NA
1	16071	ANTTUR0304	3110	1	1	field assessment	NA	NA	NA
1	16071	ANTTUR0304	3130_aom	1	1	field assessment	NA	NA	NA
1	16071	ANTTUR0304	3130_na	1	1	field assessment	NA	NA	NA
1	16071	ANTVOR0058	3130_aom	0	0	field assessment	NA	NA	NA
1	16071	ANTWIL0020	3140	1	1	field assessment	NA	NA	NA
1	16071	LIMDPB0057	3150	1	1	field assessment	NA	NA	NA
1	16071	LIMDPB0311	3130_aom	0	1	field assessment	NA	NA	NA
1	16071	LIMDPB0311	3130_na	1	1	field assessment	NA	NA	NA
1	16071	LIMDPB0311	3150	1	1	field assessment	NA	NA	NA
1	16071	LIMDPB0315	3130_aom	0	1	field assessment	NA	NA	NA
1	16071	LIMDPB0315	3150	1	1	field assessment	NA	NA	NA
1	16071	LIMDST0108	3110	1	1	field assessment	NA	NA	NA
1	16071	LIMDST0108	3130_aom	1	1	field assessment	NA	NA	NA
1	16071	LIMGNK0025	3130_aom	0	1	field assessment	NA	NA	NA
1	16071	LIMGNK0025	3150	1	1	field assessment	NA	NA	NA
1	16071	LIMGNK0062	3130_aom	0	1	field assessment	NA	NA	NA
1	16071	LIMGNK0062	3150	1	1	field assessment	NA	NA	NA
1	16071	LIMGNK0064	3130_aom	0	1	field assessment	NA	NA	NA
1	16071	LIMGNK0064	3150	1	1	field assessment	NA	NA	NA
1	16071	LIMGNK0095	3130_aom	1	1	field assessment	NA	NA	NA
1	16071	LIMGNK0119	3130_aom	0	1	field assessment	NA	NA	NA
1	16071	LIMGNK0119	3130_na	1	1	field assessment	NA	NA	NA
1	16071	LIMGNK0152	3130_aom	1	1	field assessment	NA	NA	NA
1	16071	LIMGNK0182	3130_aom	1	1	field assessment	NA	NA	NA
1	16071	LIMGNK0182	3130_na	1	1	field assessment	NA	NA	NA
1	16071	LIMGNK0182	3140	1	1	field assessment	NA	NA	NA
1	16071	LIMGNK0372	3130_aom	1	1	field assessment	NA	NA	NA
1	16071	LIMGNK0374	3130_aom	1	1	field assessment	NA	NA	NA
1	16071	LIMGNK0374	3130_na	1	1	field assessment	NA	NA	NA
1	16071	LIMGNK0396	3130_na	1	1	field assessment	NA	NA	NA
1	16071	LIMGNK0396	3150	0	1	field assessment	NA	NA	NA
1	16071	LIMHAS0462	3130_aom	1	1	field assessment	NA	NA	NA
1	16071	LIMHAS0541	3130_aom	1	1	field assessment	NA	NA	NA
1	16071	LIMHAS0544	3130_aom	0	1	field assessment	NA	NA	NA
1	16071	LIMHAS0544	3130_na	1	1	field assessment	NA	NA	NA
1	16071	LIMHHE0001	3160	1	1	field assessment	NA	NA	NA
1	16071	LIMHHE0286	3130_aom	1	1	field assessment	NA	NA	NA
1	16071	LIMHHE0286	3130_na	1	1	field assessment	NA	NA	NA
1	16071	LIMHHE0286	3140	1	1	field assessment	NA	NA	NA
1	16071	LIMHHE0375	3130_aom	0	1	field assessment	NA	NA	NA
1	16071	LIMHHE0375	3160	1	1	field assessment	NA	NA	NA
1	16071	LIMHMA0273	3130_aom	0	0	field assessment	NA	NA	NA
1	16071	LIMLNK0083	3130_aom	1	1	field assessment	NA	NA	NA
1	16071	LIMLUM0054	3130_na	0	0	field assessment	NA	NA	NA
1	16071	LIMLUM0401	3130_aom	1	1	field assessment	NA	NA	NA
1	16071	LIMLUM0401	3150	1	1	field assessment	NA	NA	NA
1	16071	LIMMGR0035	3160	0	0	field assessment	NA	NA	NA
1	16071	LIMMGR0253	3130_aom	0	0	field assessment	NA	NA	NA
1	16071	LIMMGR0253	3160	0	0	field assessment	NA	NA	NA
1	16071	LIMMSK0007	3130_aom	1	1	field assessment	NA	NA	NA
1	16071	LIMMSK0007	3130_na	1	1	field assessment	NA	NA	NA
1	16071	LIMMSM0026	3130_aom	1	1	field assessment	NA	NA	NA
1	16071	LIMMSM0026	3130_na	1	1	field assessment	NA	NA	NA
1	16071	LIMMSM0197	3160	1	1	field assessment	NA	NA	NA
1	16071	LIMZNH0138	3130_aom	0	0	field assessment	NA	NA	NA
1	16071	LIMZNH0238	3130_aom	1	1	field assessment	NA	NA	NA
1	16071	LIMZNH0238	3130_na	1	1	field assessment	NA	NA	NA
1	16071	LIMZNH0333	3130_aom	1	1	field assessment	NA	NA	NA
1	16071	LIMZNH0333	3160	1	1	field assessment	NA	NA	NA
1	16071	LIMZNH0360	3130_aom	1	1	field assessment	NA	NA	NA
1	16071	LIMZNH0360	3160	1	1	field assessment	NA	NA	NA
1	16071	LIMZNH0385	3130_aom	1	1	field assessment	NA	NA	NA
1	16071	LIMZNH0478	3130_aom	1	1	field assessment	NA	NA	NA
1	16071	LIMZNH0478	3130_na	1	1	field assessment	NA	NA	NA
1	16071	LIMZNH0539	3130_aom	0	1	field assessment	NA	NA	NA
1	16071	LIMZNH0539	3130_na	1	1	field assessment	NA	NA	NA
1	16071	LIMZNH0539	3150	1	1	field assessment	NA	NA	NA
1	16071	OVLALT0344	3130_aom	1	1	field assessment	NA	NA	NA
1	16071	OVLALT0344	3130_na	1	1	field assessment	NA	NA	NA
1	16071	OVLLOK0348	3150	1	1	field assessment	NA	NA	NA
1	16071	VBRDIE0443	3130_aom	1	1	field assessment	NA	NA	NA
1	16071	VBRDIE0443	3130_na	0	1	field assessment	NA	NA	NA
1	16071	VBRSZI0235	3130_aom	1	1	field assessment	NA	NA	NA
1	16071	VBRSZI0235	3150	0	1	field assessment	NA	NA	NA
1	16071	VBRSZI0277	3150	1	1	field assessment	NA	NA	NA
1	16071	VBRSZI0401	3150	1	1	field assessment	NA	NA	NA
1	16071	VBRZOU0028	3150	0	0	field assessment	NA	NA	NA
1	16071	WVLBRU1212	3150	1	1	field assessment	NA	NA	NA
1	16071	WVLHAR0329	3140	1	1	field assessment	NA	NA	NA
1	16071	WVLHAR0329	3150	1	1	field assessment	NA	NA	NA
1	16071	WVLJAB0140	3130_aom	1	1	field assessment	NA	NA	NA
1	16071	WVLJAB0174	3130_aom	1	1	field assessment	NA	NA	NA
1	16071	WVLJAB0206	3130_aom	1	1	field assessment	NA	NA	NA
1	16436	416016_v2020	3140	0	0	field assessment	NA	NA	NA
1	16436	420329_v2023	3140	0	0	field assessment	NA	NA	NA
1	16436	426190_v2020	3140	0	0	field assessment	NA	NA	NA
1	16436	427747_v2020	3140	0	0	field assessment	NA	NA	NA
1	16436	570572_v2018	3130_aom	0	0	field assessment	NA	NA	NA
1	16436	645826_v2023	3160	0	0	field assessment	NA	NA	NA
1	16436	ANTANT0297	3140	1	1	field assessment	NA	NA	NA
1	16436	ANTANT0297	3150	1	1	field assessment	NA	NA	NA
1	16436	ANTARE0200	3130_aom	1	1	field assessment	NA	NA	NA
1	16436	ANTARE0200	3130_na	1	1	field assessment	NA	NA	NA
1	16436	ANTARE0200	3140	0	1	field assessment	NA	NA	NA
1	16436	ANTARE0278	3130_aom	0	0	field assessment	NA	NA	NA
1	16436	ANTARE0340	3130_aom	0	0	field assessment	NA	NA	NA
1	16436	ANTBAL0594	3150	0	0	field assessment	NA	NA	NA
1	16436	ANTBAL0596	3150	0	0	field assessment	NA	NA	NA
1	16436	ANTBCT0252	3140	1	1	field assessment	NA	NA	NA
1	16436	ANTBCT0252	3150	1	1	field assessment	NA	NA	NA
1	16436	ANTBCT0404	3130_aom	0	1	field assessment	NA	NA	NA
1	16436	ANTBCT0404	3130_na	1	1	field assessment	NA	NA	NA
1	16436	ANTBCT0458	3130_aom	1	1	field assessment	NA	NA	NA
1	16436	ANTBCT0458	3140	0	1	field assessment	NA	NA	NA
1	16436	ANTBCT0528	3140	0	0	field assessment	NA	NA	NA
1	16436	ANTBCT0544	3130_na	1	1	field assessment	NA	NA	NA
1	16436	ANTBCT0559	3130_na	0	0	field assessment	NA	NA	NA
1	16436	ANTBCT0579	3130_na	0	0	field assessment	NA	NA	NA
1	16436	ANTBCT0600	3130_na	0	0	field assessment	NA	NA	NA
1	16436	ANTBCT0610	3130_na	0	0	field assessment	NA	NA	NA
1	16436	ANTBON0239	3150	0	0	field assessment	NA	NA	NA
1	16436	ANTBRM0238	3150	0	0	field assessment	NA	NA	NA
1	16436	ANTBRM0255	3150	0	0	field assessment	NA	NA	NA
1	16436	ANTBRS0121	3130_aom	0	0	field assessment	NA	NA	NA
1	16436	ANTBSE0021	3130_na	0	0	field assessment	NA	NA	NA
1	16436	ANTBSE0061	3130_aom	1	1	NA	long term	NA	NA
1	16436	ANTBSE0061	3130_na	1	1	NA	long term	NA	NA
1	16436	ANTBSE0061	3140	1	1	NA	long term	NA	NA
1	16436	ANTBSE0109	3130_aom	0	0	field assessment	NA	NA	NA
1	16436	ANTBSE0165	3130_na	1	1	field assessment	NA	NA	NA
1	16436	ANTBSE0197	3150	0	0	field assessment	NA	NA	NA
1	16436	ANTBSE0215	3130_aom	1	1	field assessment	NA	NA	NA
1	16436	ANTBSE0215	3130_na	1	1	field assessment	NA	NA	NA
1	16436	ANTBSE0227	3130_aom	1	1	field assessment	NA	NA	NA
1	16436	ANTBSE0227	3130_na	0	1	field assessment	NA	NA	NA
1	16436	ANTBSE0333	3150	0	0	field assessment	NA	NA	NA
1	16436	ANTBSE0335	3130_na	0	0	field assessment	NA	NA	NA
1	16436	ANTBSE0338	3130_aom	1	1	field assessment	NA	NA	NA
1	16436	ANTBSE0338	3130_na	1	1	field assessment	NA	NA	NA
1	16436	ANTBSE0366	3130_na	0	0	field assessment	NA	NA	NA
1	16436	ANTDES0096	3150	0	0	field assessment	NA	NA	NA
1	16436	ANTDES0098	3130_aom	0	0	field assessment	NA	NA	NA
1	16436	ANTDES0098	3150	0	0	field assessment	NA	NA	NA
1	16436	ANTDUF0188	3150	0	0	field assessment	NA	NA	NA
1	16436	ANTESS0033	3130_aom	0	0	field assessment	NA	NA	NA
1	16436	ANTESS0225	3160	0	0	field assessment	NA	NA	NA
1	16436	ANTGEE0140	3150	0	0	field assessment	NA	NA	NA
1	16436	ANTGEE0141	3150	0	0	field assessment	NA	NA	NA
1	16436	ANTGEE0422	3150	0	0	field assessment	NA	NA	NA
1	16436	ANTGEE0477	3130_aom	0	0	field assessment	NA	NA	NA
1	16436	ANTGEE0889	3150	1	1	field assessment	NA	NA	NA
1	16436	ANTGEE1026	3130_aom	NA	NA	NA	long term	NA	NA
1	16436	ANTGRO0161	3130_aom	0	0	field assessment	NA	NA	NA
1	16436	ANTGRO0180	3130_aom	0	0	field assessment	NA	NA	NA
1	16436	ANTHST0069	3130_aom	0	0	field assessment	NA	NA	NA
1	16436	ANTHST0141	3130_aom	0	0	field assessment	NA	NA	NA
1	16436	ANTHST0346	3130_aom	1	1	field assessment	NA	NA	NA
1	16436	ANTHST0506	3130_aom	0	0	field assessment	NA	NA	NA
1	16436	ANTHST0665	3130_aom	1	1	field assessment	NA	NA	NA
1	16436	ANTHST0665	3140	1	1	field assessment	NA	NA	NA
1	16436	ANTHTS0138	3130_aom	0	0	field assessment	NA	NA	NA
1	16436	ANTHTS0151	3130_aom	1	1	field assessment	NA	NA	NA
1	16436	ANTHTS0151	3160	1	1	field assessment	NA	NA	NA
1	16436	ANTHUL0273	3130_aom	0	0	field assessment	NA	NA	NA
1	16436	ANTKAL0004	3160	1	1	field assessment	NA	NA	NA
1	16436	ANTKAL0319	3160	0	0	field assessment	NA	NA	NA
1	16436	ANTKAL0330	3160	1	1	field assessment	NA	NA	NA
1	16436	ANTKAL0383	3160	1	1	field assessment	NA	NA	NA
1	16436	ANTKAP0220	3130_aom	0	0	field assessment	NA	NA	NA
1	16436	ANTKAS0017	3160	0	0	field assessment	NA	NA	NA
1	16436	ANTKAS0321	3130_aom	0	0	field assessment	NA	NA	NA
1	16436	ANTKAS0377	3160	0	0	field assessment	NA	NA	NA
1	16436	ANTKAS0403	3130_aom	1	1	field assessment	NA	NA	NA
1	16436	ANTKAS0431	3150	1	1	field assessment	NA	NA	NA
1	16436	ANTKAS0462	3130_aom	1	1	field assessment	NA	NA	NA
1	16436	ANTKAS0462	3160	1	1	field assessment	NA	NA	NA
1	16436	ANTKAS0467	3130_aom	1	1	field assessment	NA	NA	NA
1	16436	ANTKAS0467	3160	1	1	field assessment	NA	NA	NA
1	16436	ANTKON0008	3150	0	0	field assessment	NA	NA	NA
1	16436	ANTLIL0064	3140	0	0	field assessment	NA	NA	NA
1	16436	ANTLIL0362	3130_aom	1	1	field assessment	NA	NA	NA
1	16436	ANTLIL0362	3140	1	1	field assessment	NA	NA	NA
1	16436	ANTLIL0528	3130_aom	1	1	field assessment	NA	NA	NA
1	16436	ANTMEC0180	3140	1	1	field assessment	NA	NA	NA
1	16436	ANTMEC0388	3130_na	1	1	field assessment	NA	NA	NA
1	16436	ANTMEC0388	3140	1	1	field assessment	NA	NA	NA
1	16436	ANTMEC0388	3150	0	1	field assessment	NA	NA	NA
1	16436	ANTMOL0032	3130_na	0	0	field assessment	NA	NA	NA
1	16436	ANTMOL0067	3130_na	0	0	field assessment	NA	NA	NA
1	16436	ANTMOL0143	3130_aom	1	1	field assessment	NA	NA	NA
1	16436	ANTMOL0143	3130_na	1	1	field assessment	NA	NA	NA
1	16436	ANTMOL0143	3140	1	1	field assessment	NA	NA	NA
1	16436	ANTMOL0143	3150	1	1	field assessment	NA	NA	NA
1	16436	ANTMOL0163	3130_na	0	0	field assessment	NA	NA	NA
1	16436	ANTMOL0163	3140	0	0	field assessment	NA	NA	NA
1	16436	ANTMOL0163	3150	0	0	field assessment	NA	NA	NA
1	16436	ANTMOL0539	3130_na	0	0	field assessment	NA	NA	NA
1	16436	ANTMOL0570	3130_aom	0	0	field assessment	NA	NA	NA
1	16436	ANTMOL0570	3160	0	0	field assessment	NA	NA	NA
1	16436	ANTMOL0659	3130_na	0	0	field assessment	NA	NA	NA
1	16436	ANTOTH0270	3160	1	1	field assessment	NA	NA	NA
1	16436	ANTOTH0306	3130_aom	1	1	field assessment	NA	NA	NA
1	16436	ANTRAV0052	3130_aom	1	1	field assessment	NA	NA	NA
1	16436	ANTRAV0052	3130_na	1	1	field assessment	NA	NA	NA
1	16436	ANTRAV0209	3150	0	0	field assessment	NA	NA	NA
1	16436	ANTRAV0293	3130_na	0	0	field assessment	NA	NA	NA
1	16436	ANTRAV0382	3150	0	0	field assessment	NA	NA	NA
1	16436	ANTRAV0383	3130_aom	0	0	field assessment	NA	NA	NA
1	16436	ANTRET0249	3130_aom	0	0	field assessment	NA	NA	NA
1	16436	ANTRET0250	3130_aom	0	0	field assessment	NA	NA	NA
1	16436	ANTRET0273	3130_aom	0	0	field assessment	NA	NA	NA
1	16436	ANTRIJ0006	3130_na	1	1	field assessment	NA	NA	NA
1	16436	ANTRIJ0006	3140	1	1	field assessment	NA	NA	NA
1	16436	ANTRIJ0006	3150	0	1	field assessment	NA	NA	NA
1	16436	ANTRIJ0041	3130_aom	1	1	field assessment	NA	NA	NA
1	16436	ANTRIJ0041	3130_na	1	1	field assessment	NA	NA	NA
1	16436	ANTRIJ0076	3130_na	1	1	field assessment	NA	NA	NA
1	16436	ANTRIJ0171	3130_na	1	1	field assessment	NA	NA	NA
1	16436	ANTSIL0316	3130_aom	0	0	field assessment	NA	NA	NA
1	16436	ANTSTB0002	3130_aom	0	0	field assessment	NA	NA	NA
1	16436	ANTTUR0082	3130_aom	1	1	field assessment	NA	NA	NA
1	16436	ANTTUR0275	3130_aom	0	0	field assessment	NA	NA	NA
1	16436	ANTTUR0296	3110	1	1	field assessment	NA	NA	NA
1	16436	ANTTUR0296	3130_aom	1	1	field assessment	NA	NA	NA
1	16436	ANTTUR0296	3130_na	1	1	field assessment	NA	NA	NA
1	16436	ANTTUR0296	3160	1	1	field assessment	NA	NA	NA
1	16436	ANTTUR0347	3150	0	0	field assessment	NA	NA	NA
1	16436	ANTWES0062	3150	0	0	field assessment	NA	NA	NA
1	16436	ANTWES0133	3130_aom	0	0	field assessment	NA	NA	NA
1	16436	ANTWIL0084	3150	0	0	field assessment	NA	NA	NA
1	16436	ANTWIL0124	3150	0	0	field assessment	NA	NA	NA
1	16436	ANTWIL0176	3150	0	0	field assessment	NA	NA	NA
1	16436	ANTWUU0153	3130_aom	1	1	field assessment	NA	NA	NA
1	16436	ANTWUU0153	3150	1	1	field assessment	NA	NA	NA
1	16436	LIMBRE0283	3130_na	1	1	field assessment	NA	NA	NA
1	16436	LIMBRE0283	3150	0	1	field assessment	NA	NA	NA
1	16436	LIMBRG0182	3160	1	1	field assessment	NA	NA	NA
1	16436	LIMBRG0192	3160	0	0	field assessment	NA	NA	NA
1	16436	LIMDPB0100	3130_aom	0	0	field assessment	NA	NA	NA
1	16436	LIMDPB0249	3130_aom	0	0	field assessment	NA	NA	NA
1	16436	LIMDST0104	3160	1	1	field assessment	NA	NA	NA
1	16436	LIMDST0178	3150	1	1	field assessment	NA	NA	NA
1	16436	LIMGNK0010	3130_aom	0	0	field assessment	NA	NA	NA
1	16436	LIMGNK0021	3130_aom	0	0	field assessment	NA	NA	NA
1	16436	LIMGNK0035	3140	1	1	field assessment	NA	NA	NA
1	16436	LIMGNK0035	3150	1	1	field assessment	NA	NA	NA
1	16436	LIMGNK0046	3130_aom	0	0	field assessment	NA	NA	NA
1	16436	LIMGNK0050	3130_aom	0	1	field assessment	NA	NA	NA
1	16436	LIMGNK0050	3130_na	1	1	field assessment	NA	NA	NA
1	16436	LIMGNK0060	3130_aom	0	0	field assessment	NA	NA	NA
1	16436	LIMGNK0066	3130_aom	0	1	field assessment	NA	NA	NA
1	16436	LIMGNK0066	3160	1	1	field assessment	NA	NA	NA
1	16436	LIMGNK0067	3130_aom	0	0	field assessment	NA	NA	NA
1	16436	LIMGNK0089	3130_aom	1	1	field assessment	NA	NA	NA
1	16436	LIMGNK0127	3130_aom	0	1	field assessment	NA	NA	NA
1	16436	LIMGNK0127	3130_na	1	1	field assessment	NA	NA	NA
1	16436	LIMGNK0131	3130_aom	0	0	field assessment	NA	NA	NA
1	16436	LIMGNK0134	3130_aom	0	0	field assessment	NA	NA	NA
1	16436	LIMGNK0139	3130_aom	0	0	field assessment	NA	NA	NA
1	16436	LIMGNK0147	3130_aom	0	1	field assessment	NA	NA	NA
1	16436	LIMGNK0147	3130_na	1	1	field assessment	NA	NA	NA
1	16436	LIMGNK0169	3130_aom	0	0	field assessment	NA	NA	NA
1	16436	LIMGNK0173	3130_aom	0	0	field assessment	NA	NA	NA
1	16436	LIMGNK0173	3150	0	0	field assessment	NA	NA	NA
1	16436	LIMGNK0177	3130_aom	1	1	field assessment	NA	NA	NA
1	16436	LIMGNK0373	3130_aom	0	0	field assessment	NA	NA	NA
1	16436	LIMGNK0848	3130_aom	0	0	field assessment	NA	NA	NA
1	16436	LIMGNK0896	3130_aom	0	0	field assessment	NA	NA	NA
1	16436	LIMHAS0453	3130_aom	0	0	field assessment	NA	NA	NA
1	16436	LIMHAS0456	3130_aom	0	0	field assessment	NA	NA	NA
1	16436	LIMHAS0479	3130_aom	0	0	field assessment	NA	NA	NA
1	16436	LIMHAS0540	3130_aom	0	0	field assessment	NA	NA	NA
1	16436	LIMHAS0545	3130_aom	0	0	field assessment	NA	NA	NA
1	16436	LIMHAS0569	3130_aom	0	0	field assessment	NA	NA	NA
1	16436	LIMHAS0570	3130_aom	0	0	field assessment	NA	NA	NA
1	16436	LIMHAS0629	3130_aom	0	1	field assessment	NA	NA	NA
1	16436	LIMHAS0629	3150	1	1	field assessment	NA	NA	NA
1	16436	LIMHAS0669	3130_aom	0	0	field assessment	NA	NA	NA
1	16436	LIMHAS0671	3130_aom	0	0	field assessment	NA	NA	NA
1	16436	LIMHAS0672	3130_aom	0	1	field assessment	NA	NA	NA
1	16436	LIMHAS0672	3130_na	1	1	field assessment	NA	NA	NA
1	16436	LIMHAS0846	3130_aom	0	0	field assessment	NA	NA	NA
1	16436	LIMHAS0849	3130_aom	1	1	field assessment	NA	NA	NA
1	16436	LIMHAS0849	3130_na	1	1	field assessment	NA	NA	NA
1	16436	LIMHAS0849	3140	1	1	field assessment	NA	NA	NA
1	16436	LIMHAS0854	3130_aom	0	0	field assessment	NA	NA	NA
1	16436	LIMHEC0578	3130_aom	1	1	field assessment	NA	NA	NA
1	16436	LIMHEC0578	3150	1	1	field assessment	NA	NA	NA
1	16436	LIMHEC0578	3160	1	1	field assessment	NA	NA	NA
1	16436	LIMHHE0002	3130_aom	1	1	field assessment	NA	NA	NA
1	16436	LIMHHE0002	3160	1	1	field assessment	NA	NA	NA
1	16436	LIMHHE0005	3160	1	1	field assessment	NA	NA	NA
1	16436	LIMHHE0008	3130_aom	1	1	field assessment	NA	NA	NA
1	16436	LIMHHE0008	3160	1	1	field assessment	NA	NA	NA
1	16436	LIMHHE0112	3130_aom	1	1	field assessment	NA	NA	NA
1	16436	LIMHHE0112	3160	1	1	field assessment	NA	NA	NA
1	16436	LIMHHE0114	3130_aom	1	1	field assessment	NA	NA	NA
1	16436	LIMHHE0114	3130_na	1	1	field assessment	NA	NA	NA
1	16436	LIMHMA0012	3130_aom	0	0	field assessment	NA	NA	NA
1	16436	LIMHMA0271	3130_aom	0	0	field assessment	NA	NA	NA
1	16436	LIMHVL0092	3130_aom	0	1	field assessment	NA	NA	NA
1	16436	LIMHVL0092	3130_na	1	1	field assessment	NA	NA	NA
1	16436	LIMHVL0092	3150	1	1	field assessment	NA	NA	NA
1	16436	LIMHVL0092	3160	1	1	field assessment	NA	NA	NA
1	16436	LIMHVL0144	3130_aom	NA	NA	NA	long term	NA	NA
1	16436	LIMLUM0151	3130_aom	0	0	field assessment	NA	NA	NA
1	16436	LIMLUM0240	3150	0	0	field assessment	NA	NA	NA
1	16436	LIMMGR0261	3160	0	0	field assessment	NA	NA	NA
1	16436	LIMMGR0262	3160	1	1	field assessment	NA	NA	NA
1	16436	LIMMGR0376	3130_aom	1	1	field assessment	NA	NA	NA
1	16436	LIMMGR0376	3160	1	1	field assessment	NA	NA	NA
1	16436	LIMMSK0353	3130_aom	1	1	field assessment	NA	NA	NA
1	16436	LIMMSK0353	3130_na	1	1	field assessment	NA	NA	NA
1	16436	LIMMSM0061	3160	0	0	field assessment	NA	NA	NA
1	16436	LIMMSM0198	3160	1	1	field assessment	NA	NA	NA
1	16436	LIMMSM0247	3130_aom	0	0	field assessment	NA	NA	NA
1	16436	LIMOPG0016	3160	1	1	field assessment	NA	NA	NA
1	16436	LIMTES0026	3160	1	1	field assessment	NA	NA	NA
1	16436	LIMZNH0013	3130_na	0	0	field assessment	NA	NA	NA
1	16436	LIMZNH0040	3130_aom	0	0	field assessment	NA	NA	NA
1	16436	LIMZNH0046	3130_aom	0	0	field assessment	NA	NA	NA
1	16436	LIMZNH0055	3130_aom	0	0	field assessment	NA	NA	NA
1	16436	LIMZNH0061	3130_na	0	0	field assessment	NA	NA	NA
1	16436	LIMZNH0062	3130_na	0	0	field assessment	NA	NA	NA
1	16436	LIMZNH0115	3140	0	0	field assessment	NA	NA	NA
1	16436	LIMZNH0139	3130_aom	0	0	field assessment	NA	NA	NA
1	16436	LIMZNH0150	3130_na	0	0	field assessment	NA	NA	NA
1	16436	LIMZNH0158	3130_aom	0	0	field assessment	NA	NA	NA
1	16436	LIMZNH0220	3130_aom	0	0	field assessment	NA	NA	NA
1	16436	LIMZNH0225	3130_aom	0	1	field assessment	NA	NA	NA
1	16436	LIMZNH0225	3130_na	1	1	field assessment	NA	NA	NA
1	16436	LIMZNH0231	3130_aom	0	0	field assessment	NA	NA	NA
1	16436	LIMZNH0338	3110	1	1	field assessment	NA	NA	NA
1	16436	LIMZNH0338	3130_aom	0	1	field assessment	NA	NA	NA
1	16436	LIMZNH0338	3160	1	1	field assessment	NA	NA	NA
1	16436	LIMZNH0356	3130_aom	0	0	field assessment	NA	NA	NA
1	16436	LIMZNH0404	3130_aom	0	0	field assessment	NA	NA	NA
1	16436	LIMZNH0405	3130_aom	0	0	field assessment	NA	NA	NA
1	16436	LIMZNH0406	3130_aom	0	0	field assessment	NA	NA	NA
1	16436	LIMZNH0407	3130_aom	0	0	field assessment	NA	NA	NA
1	16436	LIMZNH0408	3130_aom	0	0	field assessment	NA	NA	NA
1	16436	LIMZNH0432	3130_aom	1	1	field assessment	NA	NA	NA
1	16436	LIMZNH0432	3130_na	1	1	field assessment	NA	NA	NA
1	16436	LIMZNH0477	3130_aom	1	1	field assessment	NA	NA	NA
1	16436	LIMZNH0477	3130_na	1	1	field assessment	NA	NA	NA
1	16436	LIMZNH0477	3140	1	1	field assessment	NA	NA	NA
1	16436	LIMZNH0507	3150	1	1	field assessment	NA	NA	NA
1	16436	LIMZNH0508	3130_aom	1	1	field assessment	NA	NA	NA
1	16436	LIMZNH0508	3150	0	1	field assessment	NA	NA	NA
1	16436	LIMZNH0519	3130_aom	0	0	field assessment	NA	NA	NA
1	16436	LIMZNH0536	3130_aom	0	0	field assessment	NA	NA	NA
1	16436	OVLALT0109	3130_aom	0	0	field assessment	NA	NA	NA
1	16436	OVLALT0332	3130_aom	1	1	field assessment	NA	NA	NA
1	16436	OVLALT0332	3130_na	1	1	field assessment	NA	NA	NA
1	16436	OVLBLE0018	3140	1	1	field assessment	NA	NA	NA
1	16436	OVLDEI0194	3150	1	1	field assessment	NA	NA	NA
1	16436	OVLDNL0075	3150	0	0	field assessment	NA	NA	NA
1	16436	OVLDNL0080	3150	0	0	field assessment	NA	NA	NA
1	16436	OVLDSB0184	3150	1	1	field assessment	NA	NA	NA
1	16436	OVLGNT0197	3140	0	0	field assessment	NA	NA	NA
1	16436	OVLGNT0817	3140	1	1	field assessment	NA	NA	NA
1	16436	OVLLOK0354	3150	1	1	field assessment	NA	NA	NA
1	16436	OVLNAZ0048	3140	0	0	field assessment	NA	NA	NA
1	16436	OVLTEM0088	3150	0	0	field assessment	NA	NA	NA
1	16436	OVLTEM0140	3150	0	0	field assessment	NA	NA	NA
1	16436	VBRARS0544	3130_aom	0	0	field assessment	NA	NA	NA
1	16436	VBRBEG0217	3130_aom	0	0	field assessment	NA	NA	NA
1	16436	VBRHIL0031	3140	0	0	field assessment	NA	NA	NA
1	16436	VBRKAM0057	3140	1	1	field assessment	NA	NA	NA
1	16436	VBRKRB0081	3140	0	0	field assessment	NA	NA	NA
1	16436	VBROHV0050	3150	0	0	field assessment	NA	NA	NA
1	16436	VBRSZI0197	3130_aom	0	0	field assessment	NA	NA	NA
1	16436	VBRSZI0213	3150	1	1	field assessment	NA	NA	NA
1	16436	VBRSZI0297	3130_aom	1	1	field assessment	NA	NA	NA
1	16436	VBRSZI0297	3150	1	1	field assessment	NA	NA	NA
1	16436	VBRSZI0315	3150	1	1	field assessment	NA	NA	NA
1	16436	VBRSZI0433	3130_aom	0	0	field assessment	NA	NA	NA
1	16436	VBRTRV0025	3150	0	0	field assessment	NA	NA	NA
1	16436	WVLBLA0081	2190_a	0	0	field assessment	NA	NA	NA
1	16436	WVLBRD0031	2190_a	0	0	field assessment	NA	NA	NA
1	16436	WVLDEH0013	2190_a	NA	NA	NA	long term	NA	NA
1	16436	WVLDEH0024	2190_a	0	0	field assessment	NA	NA	NA
1	16436	WVLDEH0221	2190_a	0	0	field assessment	NA	NA	NA
1	16436	WVLDEH0238	2190_a	0	0	field assessment	NA	NA	NA
1	16436	WVLDEH0242	2190_a	0	0	field assessment	NA	NA	NA
1	16436	WVLDEP0003	2190_a	0	0	field assessment	NA	NA	NA
1	16436	WVLDEP0007	2190_a	NA	NA	NA	long term	NA	NA
1	16436	WVLDEP0008	2190_a	0	0	field assessment	NA	NA	NA
1	16436	WVLDEP0074	2190_a	0	0	field assessment	NA	NA	NA
1	16436	WVLDIK0153	3140	0	0	field assessment	NA	NA	NA
1	16436	WVLDIK0187	3140	0	0	field assessment	NA	NA	NA
1	16436	WVLDIK0219	3140	0	0	field assessment	NA	NA	NA
1	16436	WVLDIK1044	3140	0	0	field assessment	NA	NA	NA
1	16436	WVLHAR0110	3150	0	0	field assessment	NA	NA	NA
1	16436	WVLHOU0087	3130_aom	0	0	field assessment	NA	NA	NA
1	16436	WVLHOU0157	3150	0	0	field assessment	NA	NA	NA
1	16436	WVLKNO0011	2190_a	NA	NA	NA	long term	NA	NA
1	16436	WVLKNO0016	2190_a	NA	NA	NA	long term	NA	NA
1	16436	WVLKNO0197	2190_a	NA	NA	NA	long term	NA	NA
1	16436	WVLKNO0257	2190_a	NA	NA	NA	long term	NA	NA
1	16436	WVLKNO0271	2190_a	0	0	field assessment	NA	NA	NA
1	16436	WVLKNO0284	2190_a	0	0	field assessment	NA	NA	NA
1	16436	WVLKNO0288	2190_a	0	0	field assessment	NA	NA	NA
1	16436	WVLKNO0289	2190_a	0	0	field assessment	NA	NA	NA
1	16436	WVLKOK0021	2190_a	NA	NA	NA	long term	NA	NA
1	16436	WVLKOK0041	2190_a	0	0	field assessment	NA	NA	NA
1	16436	WVLKOK0041	3150	0	0	field assessment	NA	NA	NA
1	16436	WVLKOK0042	2190_a	NA	NA	NA	long term	NA	NA
1	16436	WVLKOK0049	2190_a	0	0	field assessment	NA	NA	NA
1	16436	WVLKOK0075	2190_a	0	0	field assessment	NA	NA	NA
1	16436	WVLKOK0098	2190_a	0	0	field assessment	NA	NA	NA
1	16436	WVLKOK0114	2190_a	0	0	field assessment	NA	NA	NA
1	16436	WVLKOK0133	2190_a	0	0	field assessment	NA	NA	NA
1	16436	WVLKOK0150	2190_a	0	0	field assessment	NA	NA	NA
1	16436	WVLKOK0172	2190_a	NA	NA	NA	long term	NA	NA
1	16436	WVLNWP0001	2190_a	NA	NA	NA	long term	NA	NA
1	16436	WVLNWP0077	2190_a	0	0	field assessment	NA	NA	NA
1	16436	WVLOSK0186	3150	0	0	field assessment	NA	NA	NA
1	16436	WVLZED0171	3130_aom	0	0	field assessment	NA	NA	NA
1	16801	ANTANT0383	3150	1	1	field assessment	NA	NA	NA
1	16801	ANTBAA0036	3130_aom	1	1	field assessment	NA	NA	NA
1	16801	ANTBAA0036	3140	1	1	field assessment	NA	NA	NA
1	16801	ANTBCT0028	3160	1	1	field assessment	NA	NA	NA
1	16801	ANTBCT0231	3160	1	1	field assessment	NA	NA	NA
1	16801	ANTGEE0305	3150	1	1	field assessment	NA	NA	NA
1	16801	ANTHGS0196	3130_aom	1	1	field assessment	NA	NA	NA
1	16801	ANTHGS0196	3160	1	1	field assessment	NA	NA	NA
1	16801	ANTHGS0622	3130_aom	1	1	field assessment	NA	NA	NA
1	16801	ANTKAS0008	3130_aom	1	1	field assessment	NA	NA	NA
1	16801	ANTKAS0030	3130_aom	1	1	field assessment	NA	NA	NA
1	16801	ANTKAS0030	3160	1	1	field assessment	NA	NA	NA
1	16801	ANTKAS0033	3160	1	1	field assessment	NA	NA	NA
1	16801	ANTKAS0213	3130_na	1	1	field assessment	NA	NA	NA
1	16801	ANTKAS0213	3150	1	1	field assessment	NA	NA	NA
1	16801	ANTKAS0295	3160	1	1	field assessment	NA	NA	NA
1	16801	ANTKAS0501	3130_aom	1	1	field assessment	NA	NA	NA
1	16801	ANTKON0018	3150	0	0	field assessment	NA	NA	NA
1	16801	ANTLIL0415	3130_aom	1	1	field assessment	NA	NA	NA
1	16801	ANTLIL0415	3130_na	1	1	field assessment	NA	NA	NA
1	16801	ANTLIL0547	3130_aom	1	1	field assessment	NA	NA	NA
1	16801	ANTMAL0275	3130_na	1	1	field assessment	NA	NA	NA
1	16801	ANTMEC0030	3140	1	1	field assessment	NA	NA	NA
1	16801	ANTMOL0066	3140	1	1	field assessment	NA	NA	NA
1	16801	ANTMOL0068	3140	1	1	field assessment	NA	NA	NA
1	16801	ANTMOL0099	3130_na	1	1	field assessment	NA	NA	NA
1	16801	ANTMOL0099	3150	0	1	field assessment	NA	NA	NA
1	16801	ANTMOL0568	3130_aom	1	1	field assessment	NA	NA	NA
1	16801	ANTMOL0568	3130_na	1	1	field assessment	NA	NA	NA
1	16801	ANTRAV0381	3150	1	1	NA	long term	NA	NA
1	16801	ANTRIJ0005	3130_aom	0	1	field assessment	NA	NA	NA
1	16801	ANTRIJ0005	3130_na	1	1	field assessment	NA	NA	NA
1	16801	ANTRIJ0030	3130_na	0	1	field assessment	NA	NA	NA
1	16801	ANTRIJ0030	3150	1	1	field assessment	NA	NA	NA
1	16801	ANTRIJ0053	3130_na	1	1	field assessment	NA	NA	NA
1	16801	ANTZAN0122	3130_na	1	1	field assessment	NA	NA	NA
1	16801	ANTZAN0122	3150	1	1	field assessment	NA	NA	NA
1	16801	ANTZAN0176	3150	1	1	field assessment	NA	NA	NA
1	16801	LIMASS2024	3160	1	1	field assessment	NA	NA	NA
1	16801	LIMBIL0100	3150	0	0	field assessment	NA	NA	NA
1	16801	LIMBIL0336	3130_na	1	1	field assessment	NA	NA	NA
1	16801	LIMBIL0336	3150	0	1	field assessment	NA	NA	NA
1	16801	LIMBRE0077	3130_na	1	1	field assessment	NA	NA	NA
1	16801	LIMBRE0077	3150	0	1	field assessment	NA	NA	NA
1	16801	LIMBRE0285	3130_aom	1	1	field assessment	NA	NA	NA
1	16801	LIMBRE0285	3130_na	1	1	field assessment	NA	NA	NA
1	16801	LIMBRE0285	3150	0	1	field assessment	NA	NA	NA
1	16801	LIMDPB0158	3130_aom	0	1	field assessment	NA	NA	NA
1	16801	LIMDPB0158	3130_na	1	1	field assessment	NA	NA	NA
1	16801	LIMGNK0055	3130_aom	0	1	field assessment	NA	NA	NA
1	16801	LIMGNK0055	3130_na	1	1	field assessment	NA	NA	NA
1	16801	LIMGNK0103	3130_aom	1	1	field assessment	NA	NA	NA
1	16801	LIMGNK0103	3130_na	1	1	field assessment	NA	NA	NA
1	16801	LIMGNK0142	3130_aom	1	1	field assessment	NA	NA	NA
1	16801	LIMGNK0142	3130_na	1	1	field assessment	NA	NA	NA
1	16801	LIMGNK0167	3130_aom	0	0	field assessment	NA	NA	NA
1	16801	LIMGNK0397	3130_aom	1	1	field assessment	NA	NA	NA
1	16801	LIMGNK0397	3130_na	1	1	field assessment	NA	NA	NA
1	16801	LIMHAS0463	3130_na	1	1	field assessment	NA	NA	NA
1	16801	LIMHAS0482	3130_aom	1	1	field assessment	NA	NA	NA
1	16801	LIMHAS0482	3130_na	1	1	field assessment	NA	NA	NA
1	16801	LIMHAS0619	3130_aom	1	1	field assessment	NA	NA	NA
1	16801	LIMHAS0619	3130_na	1	1	field assessment	NA	NA	NA
1	16801	LIMHAS0619	3140	1	1	field assessment	NA	NA	NA
1	16801	LIMHHE0285	3150	1	1	field assessment	NA	NA	NA
1	16801	LIMLNK0018	3150	1	1	field assessment	NA	NA	NA
1	16801	LIMLNK0086	3130_aom	1	1	field assessment	NA	NA	NA
1	16801	LIMLNK0086	3160	1	1	field assessment	NA	NA	NA
1	16801	LIMLNK0105	3130_aom	1	1	field assessment	NA	NA	NA
1	16801	LIMLNK0237	3130_aom	1	1	field assessment	NA	NA	NA
1	16801	LIMLNK0237	3130_na	1	1	field assessment	NA	NA	NA
1	16801	LIMLOM0211	3130_aom	1	1	field assessment	NA	NA	NA
1	16801	LIMLOM0211	3160	1	1	field assessment	NA	NA	NA
1	16801	LIMLOM0467	3130_na	1	1	field assessment	NA	NA	NA
1	16801	LIMLOM0467	3140	0	1	field assessment	NA	NA	NA
1	16801	LIMLOM0475	3130_aom	1	1	field assessment	NA	NA	NA
1	16801	LIMLOM0475	3130_na	1	1	field assessment	NA	NA	NA
1	16801	LIMMGR0011	3130_aom	1	1	field assessment	NA	NA	NA
1	16801	LIMMGR0011	3130_na	1	1	field assessment	NA	NA	NA
1	16801	LIMMGR0011	3160	0	1	field assessment	NA	NA	NA
1	16801	LIMOVP0094	3160	1	1	field assessment	NA	NA	NA
1	16801	LIMWEL0154	3140	0	0	field assessment	NA	NA	NA
1	16801	LIMZNH0036	3130_na	1	1	field assessment	NA	NA	NA
1	16801	LIMZNH0036	3150	0	1	field assessment	NA	NA	NA
1	16801	LIMZNH0065	3130_aom	1	1	field assessment	NA	NA	NA
1	16801	LIMZNH0065	3130_na	1	1	field assessment	NA	NA	NA
1	16801	LIMZNH0065	3150	0	1	field assessment	NA	NA	NA
1	16801	LIMZNH0127	3130_aom	0	0	field assessment	NA	NA	NA
1	16801	LIMZNH0206	3130_na	1	1	field assessment	NA	NA	NA
1	16801	LIMZNH0206	3150	0	1	field assessment	NA	NA	NA
1	16801	LIMZNH0304	3130_aom	0	0	field assessment	NA	NA	NA
1	16801	LIMZUT0080	3130_aom	1	1	field assessment	NA	NA	NA
1	16801	LIMZUT0080	3140	1	1	field assessment	NA	NA	NA
1	16801	OVLMOE0016	3150	1	1	field assessment	NA	NA	NA
1	16801	OVLSTK0268	3130_aom	1	1	field assessment	NA	NA	NA
1	16801	OVLSTK0268	3140	1	1	field assessment	NA	NA	NA
1	16801	VBRKAM0021	3140	1	1	field assessment	NA	NA	NA
1	16801	VBRKAM0120	3140	0	0	field assessment	NA	NA	NA
1	16801	VBRSZI0243	3150	1	1	field assessment	NA	NA	NA
1	16801	VBRSZI0435	3150	1	1	field assessment	NA	NA	NA
1	16801	WVLKNO0014	2190_a	1	1	field assessment	NA	NA	NA
1	16801	WVLOSK0532	3150	1	1	field assessment	NA	NA	NA
1	17167	ANTARE0025	3130_aom	1	1	field assessment	NA	NA	NA
1	17167	ANTBAA0044	3130_na	1	1	field assessment	NA	NA	NA
1	17167	ANTBAA0044	3150	0	1	field assessment	NA	NA	NA
1	17167	ANTBAL0373	3150	1	1	field assessment	NA	NA	NA
1	17167	ANTBAL0505	3150	1	1	field assessment	NA	NA	NA
1	17167	ANTBAL0592	3150	1	1	field assessment	NA	NA	NA
1	17167	ANTBAL0595	3150	1	1	field assessment	NA	NA	NA
1	17167	ANTESS0009	3130_aom	1	1	field assessment	NA	NA	NA
1	17167	ANTESS0062	3130_aom	1	1	NA	long term	NA	NA
1	17167	ANTESS0062	3160	1	1	NA	long term	NA	NA
1	17167	ANTGEE0046	3150	1	1	field assessment	NA	NA	NA
1	17167	ANTGEE0107	3130_aom	1	1	field assessment	NA	NA	NA
1	17167	ANTGEE0107	3130_na	1	1	field assessment	NA	NA	NA
1	17167	ANTGEE0107	3150	1	1	field assessment	NA	NA	NA
1	17167	ANTGEE0126	3130_aom	1	1	field assessment	NA	NA	NA
1	17167	ANTGEE0126	3150	1	1	field assessment	NA	NA	NA
1	17167	ANTGEE0193	3150	1	1	field assessment	NA	NA	NA
1	17167	ANTHTS0097	3130_aom	1	1	field assessment	NA	NA	NA
1	17167	ANTHTS0097	3160	1	1	field assessment	NA	NA	NA
1	17167	ANTKAL0247	3160	1	1	field assessment	NA	NA	NA
1	17167	ANTKAL0269	3160	1	1	field assessment	NA	NA	NA
1	17167	ANTKAS0268	3130_aom	1	1	field assessment	NA	NA	NA
1	17167	ANTLIL0004	3130_aom	1	1	field assessment	NA	NA	NA
1	17167	ANTLIL0004	3140	1	1	field assessment	NA	NA	NA
1	17167	ANTMEC0257	3150	1	1	field assessment	NA	NA	NA
1	17167	ANTMOL0089	3130_aom	0	1	field assessment	NA	NA	NA
1	17167	ANTMOL0089	3140	1	1	field assessment	NA	NA	NA
1	17167	ANTMOL0089	3150	1	1	field assessment	NA	NA	NA
1	17167	ANTOTH0324	3130_aom	1	1	field assessment	NA	NA	NA
1	17167	ANTRAV0297	3130_aom	1	1	field assessment	NA	NA	NA
1	17167	ANTRAV0297	3160	1	1	field assessment	NA	NA	NA
1	17167	ANTRAV0369	3130_aom	1	1	field assessment	NA	NA	NA
1	17167	ANTWUU0140	3130_aom	1	1	field assessment	NA	NA	NA
1	17167	ANTZAN0172	3150	0	0	field assessment	NA	NA	NA
1	17167	ANTZAN0175	3130_na	1	1	field assessment	NA	NA	NA
1	17167	ANTZAN0175	3150	1	1	field assessment	NA	NA	NA
1	17167	LIMGNK0081	3130_aom	0	1	field assessment	NA	NA	NA
1	17167	LIMGNK0081	3130_na	1	1	field assessment	NA	NA	NA
1	17167	LIMGNK0118	3130_aom	0	1	field assessment	NA	NA	NA
1	17167	LIMGNK0118	3130_na	1	1	field assessment	NA	NA	NA
1	17167	LIMGNK0180	3130_aom	0	1	field assessment	NA	NA	NA
1	17167	LIMGNK0180	3130_na	1	1	field assessment	NA	NA	NA
1	17167	LIMGNK0180	3150	0	1	field assessment	NA	NA	NA
1	17167	LIMHAS0103	3150	1	1	field assessment	NA	NA	NA
1	17167	LIMHAS0281	3130_aom	1	1	field assessment	NA	NA	NA
1	17167	LIMHAS0281	3150	1	1	field assessment	NA	NA	NA
1	17167	LIMHEC0128	3150	1	1	field assessment	NA	NA	NA
1	17167	LIMHHE0330	3130_aom	1	1	field assessment	NA	NA	NA
1	17167	LIMHLN0068	3150	1	1	field assessment	NA	NA	NA
1	17167	LIMKIN0231	3150	1	1	field assessment	NA	NA	NA
1	17167	LIMLOM0030	3130_aom	1	1	field assessment	NA	NA	NA
1	17167	LIMLOM0239	3130_aom	1	1	field assessment	NA	NA	NA
1	17167	LIMMSK0134	3130_aom	0	1	field assessment	NA	NA	NA
1	17167	LIMMSK0134	3130_na	1	1	field assessment	NA	NA	NA
1	17167	LIMMSK0134	3140	1	1	field assessment	NA	NA	NA
1	17167	LIMMSK0151	3150	1	1	field assessment	NA	NA	NA
1	17167	LIMMSK0456	3150	1	1	field assessment	NA	NA	NA
1	17167	LIMNEE0011	3160	1	1	field assessment	NA	NA	NA
1	17167	LIMTON0188	3140	1	1	field assessment	NA	NA	NA
1	17167	LIMZNH0374	3130_aom	1	1	field assessment	NA	NA	NA
1	17167	LIMZNH0374	3160	1	1	field assessment	NA	NA	NA
1	17167	LIMZNH0563	3130_aom	1	1	field assessment	NA	NA	NA
1	17167	LIMZNH0563	3140	1	1	field assessment	NA	NA	NA
1	17167	OVLBLE0139	3150	1	1	field assessment	NA	NA	NA
1	17167	OVLBVN0466	3140	1	1	field assessment	NA	NA	NA
1	17167	OVLLOK0063	3150	1	1	field assessment	NA	NA	NA
1	17167	OVLSIN0011	3150	1	1	field assessment	NA	NA	NA
1	17167	OVLSIN0269	3140	1	1	field assessment	NA	NA	NA
1	17167	VBRARS0370	3130_aom	1	1	field assessment	NA	NA	NA
1	17167	VBRARS0370	3140	1	1	field assessment	NA	NA	NA
1	17167	VBRARS0370	3150	1	1	field assessment	NA	NA	NA
1	17167	VBRDIE0220	3150	1	1	field assessment	NA	NA	NA
1	17167	VBRDIE0330	3150	1	1	field assessment	NA	NA	NA
1	17167	WVLBRD0077	2190_a	1	1	field assessment	NA	NA	NA
1	17167	WVLBRU0368	2190_a	1	1	field assessment	NA	NA	NA
1	17167	WVLBRU0374	2190_a	1	1	field assessment	NA	NA	NA
1	17167	WVLDAM0090	3150	1	1	field assessment	NA	NA	NA
1	17167	WVLDEH0220	2190_a	1	1	field assessment	NA	NA	NA
1	17167	WVLDEP0070	2190_a	1	1	field assessment	NA	NA	NA
1	17167	WVLDEP0075	2190_a	1	1	field assessment	NA	NA	NA
1	17167	WVLDIK0136	3150	1	1	field assessment	NA	NA	NA
1	17167	WVLDIK1027	3150	1	1	field assessment	NA	NA	NA
1	17167	WVLHOU0561	3130_aom	1	1	field assessment	NA	NA	NA
1	17167	WVLKNO0058	2190_a	1	1	field assessment	NA	NA	NA
1	17167	WVLKNO0061	2190_a	1	1	field assessment	NA	NA	NA
1	17167	WVLKNO0205	2190_a	1	1	field assessment	NA	NA	NA
1	17167	WVLKNO0265	2190_a	1	1	field assessment	NA	NA	NA
1	17167	WVLKNO0388	2190_a	1	1	field assessment	NA	NA	NA
1	17167	WVLKOK0028	2190_a	1	1	field assessment	NA	NA	NA
1	17167	WVLNWP0026	2190_a	1	1	field assessment	NA	NA	NA
1	17167	WVLNWP0032	2190_a	1	1	field assessment	NA	NA	NA
1	17167	WVLOSK0053	3150	1	1	field assessment	NA	NA	NA
1	17167	WVLOSK0526	3150	1	1	field assessment	NA	NA	NA
1	17532	ANTBRS0178	3130_aom	1	1	field assessment	NA	NA	NA
1	17532	ANTKAL0288	3160	1	1	field assessment	NA	NA	NA
1	17532	ANTKAS0474	3130_aom	1	1	field assessment	NA	NA	NA
1	17532	ANTSIL0322	3130_aom	1	1	field assessment	NA	NA	NA
1	17532	LIMHEC0537	3130_aom	1	1	field assessment	NA	NA	NA
1	17532	VBRARS0052	3130_aom	1	1	field assessment	NA	NA	NA
1	17532	VBRARS0052	3150	1	1	field assessment	NA	NA	NA
1	17532	WVLBLA0206	2190_a	1	1	field assessment	NA	NA	NA
1	17532	WVLBRD0035	2190_a	1	1	field assessment	NA	NA	NA
1	17532	WVLBRD0039	2190_a	1	1	field assessment	NA	NA	NA
1	17532	WVLBRD0089	2190_a	1	1	field assessment	NA	NA	NA
1	17532	WVLBRU0369	2190_a	1	1	field assessment	NA	NA	NA
1	17532	WVLDEH0011	2190_a	1	1	field assessment	NA	NA	NA
1	17532	WVLDEH0012	2190_a	1	1	field assessment	NA	NA	NA
1	17532	WVLDEP0012	2190_a	1	1	field assessment	NA	NA	NA
1	17532	WVLDEP0047	2190_a	1	1	field assessment	NA	NA	NA
1	17532	WVLDEP0051	2190_a	1	1	field assessment	NA	NA	NA
1	17532	WVLDEP0057	2190_a	1	1	field assessment	NA	NA	NA
1	17532	WVLDEP0058	2190_a	1	1	field assessment	NA	NA	NA
1	17532	WVLDEP0061	2190_a	1	1	field assessment	NA	NA	NA
1	17532	WVLDEP0065	2190_a	1	1	field assessment	NA	NA	NA
1	17532	WVLDEP0067	2190_a	1	1	field assessment	NA	NA	NA
1	17532	WVLDEP0073	2190_a	1	1	field assessment	NA	NA	NA
1	17532	WVLDEP0097	2190_a	1	1	field assessment	NA	NA	NA
1	17532	WVLDEP0119	2190_a	1	1	field assessment	NA	NA	NA
1	17532	WVLDEP0167	2190_a	1	1	field assessment	NA	NA	NA
1	17532	WVLKNO0002	2190_a	1	1	field assessment	NA	NA	NA
1	17532	WVLKNO0003	2190_a	1	1	field assessment	NA	NA	NA
1	17532	WVLKNO0019	2190_a	1	1	field assessment	NA	NA	NA
1	17532	WVLKNO0020	2190_a	1	1	field assessment	NA	NA	NA
1	17532	WVLKNO0022	2190_a	1	1	field assessment	NA	NA	NA
1	17532	WVLKNO0025	2190_a	1	1	field assessment	NA	NA	NA
1	17532	WVLKNO0028	2190_a	1	1	field assessment	NA	NA	NA
1	17532	WVLKNO0039	2190_a	1	1	field assessment	NA	NA	NA
1	17532	WVLKNO0065	2190_a	1	1	field assessment	NA	NA	NA
1	17532	WVLKNO0275	2190_a	1	1	field assessment	NA	NA	NA
1	17532	WVLKNO0280	2190_a	1	1	field assessment	NA	NA	NA
1	17532	WVLKNO0283	2190_a	1	1	field assessment	NA	NA	NA
1	17532	WVLKNO0365	2190_a	1	1	field assessment	NA	NA	NA
1	17532	WVLKNO0380	2190_a	1	1	field assessment	NA	NA	NA
1	17532	WVLKOK0001	2190_a	1	1	field assessment	NA	NA	NA
1	17532	WVLKOK0010	2190_a	1	1	field assessment	NA	NA	NA
1	17532	WVLKOK0017	2190_a	1	1	field assessment	NA	NA	NA
1	17532	WVLKOK0065	2190_a	1	1	field assessment	NA	NA	NA
1	17532	WVLKOK0125	2190_a	1	1	field assessment	NA	NA	NA
1	17532	WVLMID0075	2190_a	1	1	field assessment	NA	NA	NA
1	17532	WVLMID0089	2190_a	1	1	field assessment	NA	NA	NA
1	17532	WVLMID0135	2190_a	1	1	field assessment	NA	NA	NA
1	17532	WVLMID0136	2190_a	1	1	field assessment	NA	NA	NA
1	17532	WVLMID0204	2190_a	1	1	field assessment	NA	NA	NA
1	17532	WVLMID0220	2190_a	1	1	field assessment	NA	NA	NA
1	17532	WVLNWP0009	2190_a	1	1	field assessment	NA	NA	NA
2	19222	WVLHAR0329	3140	1	1	field assessment	NA	NA	NA
2	19222	WVLHAR0329	3150	1	1	field assessment	NA	NA	NA
2	19236	ANTRAV0188	3160	1	1	field assessment	NA	NA	NA
2	19250	ANTTUR0296	3110	1	1	field assessment	NA	NA	NA
2	19250	ANTTUR0296	3130_aom	1	1	field assessment	NA	NA	NA
2	19250	ANTTUR0296	3130_na	1	1	field assessment	NA	NA	NA
2	19250	ANTTUR0296	3160	1	1	field assessment	NA	NA	NA
2	19262	ANTTUR0065	3130_aom	1	1	field assessment	NA	NA	NA
2	19262	ANTTUR0065	3130_na	1	1	field assessment	NA	NA	NA
2	19276	ANTTUR0304	3130_aom	1	1	field assessment	NA	NA	NA
2	19276	ANTTUR0304	3130_na	1	1	field assessment	NA	NA	NA
2	19557	ANTTUR0082	3130_aom	1	1	field assessment	NA	NA	NA
2	19557	ANTTUR0082	3130_na	0	1	field assessment	NA	NA	NA
2	19620	ANTRAV0052	3130_aom	1	1	field assessment	NA	NA	NA
2	19620	ANTRAV0052	3130_na	1	1	field assessment	NA	NA	NA
2	19723	ANTMEC0421	3140	0	0	field assessment	NA	NA	NA
2	19752	403930_v2020	3130_aom	0	0	orthophoto	NA	NA	NA
2	19752	454362_v2014	3150	0	0	orthophoto	NA	NA	NA
2	19752	511991_v2018	3150	0	0	orthophoto	NA	NA	NA
2	19752	ANTBAL0415	3150	0	0	orthophoto	NA	NA	NA
2	19752	ANTBCT0319	3160	0	0	orthophoto	NA	NA	NA
2	19752	ANTBCT0529	3160	0	0	orthophoto	NA	NA	NA
2	19752	ANTBCT0572	3130_na	0	0	orthophoto	NA	NA	NA
2	19752	ANTBSE0321	3130_aom	0	0	orthophoto	NA	NA	NA
2	19752	ANTBSE0334	3130_aom	NA	NA	NA	long term	NA	NA
2	19752	ANTBSE0334	3130_na	NA	NA	NA	long term	NA	NA
2	19752	ANTESS0062	3130_aom	NA	NA	NA	long term	NA	NA
2	19752	ANTESS0062	3160	NA	NA	NA	long term	NA	NA
2	19752	ANTHST0290	3130_aom	NA	NA	NA	long term	NA	geen toestemming om te betreden
2	19752	ANTKAS0201	3150	0	0	orthophoto	NA	NA	NA
2	19752	LIMBOC0077	3140	1	1	field assessment	NA	NA	NA
2	19752	LIMHVL0092	3150	NA	NA	NA	long term	NA	NA
2	19752	LIMHVL0092	3160	NA	NA	NA	long term	NA	NA
2	19752	LIMHVL0144	3130_aom	NA	NA	NA	long term	NA	NA
2	19752	LIMHVL0144	3150	NA	NA	NA	long term	NA	NA
2	19752	LIMNEE0147	3160	0	0	orthophoto	NA	NA	NA
2	19752	LIMZNH0220	3150	0	0	orthophoto	NA	NA	NA
2	19752	LIMZNH0539	3150	0	0	orthophoto	NA	NA	NA
2	19752	OVLTEM0066	3140	NA	NA	NA	long term	NA	geen toestemming om te betreden
2	19752	WVLBRU0368	2190_a	0	0	orthophoto	NA	NA	NA
2	19752	WVLBRU0369	2190_a	0	0	orthophoto	NA	NA	NA
2	19752	WVLBRU0374	2190_a	0	0	orthophoto	NA	NA	NA
2	19752	WVLDEP0007	2190_a	NA	NA	NA	long term	NA	NA
2	19752	WVLDIK1039	3150	0	0	orthophoto	NA	NA	NA
2	19888	ANTBAL0396	3150	1	1	field assessment	NA	NA	NA
2	19888	ANTBAL0592	3150	1	1	field assessment	NA	NA	NA
2	19888	ANTBAL0595	3150	1	1	field assessment	NA	NA	NA
2	19899	OVLBVN0464	3140	1	1	field assessment	NA	NA	NA
2	19906	ANTKAL0330	3160	1	1	field assessment	NA	NA	NA
2	19908	LIMGNK0064	3150	1	1	field assessment	NA	NA	NA
2	19908	LIMZNH0563	3130_aom	1	1	field assessment	NA	NA	NA
2	19908	LIMZNH0563	3140	1	1	field assessment	NA	NA	NA
2	19909	ANTBSE0132	3130_na	0	0	field assessment	NA	NA	NA
2	19909	ANTBSE0132	3140	0	0	field assessment	NA	NA	NA
2	19909	ANTLIL0230	3130_aom	1	1	field assessment	NA	NA	NA
2	19912	ANTKAL0004	3160	1	1	field assessment	NA	NA	NA
2	19912	ANTMOL0092	3130_aom	1	1	field assessment	NA	NA	NA
2	19912	ANTMOL0092	3130_na	1	1	field assessment	NA	NA	NA
2	19912	ANTMOL0092	3150	1	1	field assessment	NA	NA	NA
2	19914	LIMZNH0338	3110	1	1	field assessment	NA	NA	NA
2	19914	LIMZNH0338	3160	1	1	field assessment	NA	NA	NA
2	19916	ANTARE0069	3130_aom	0	0	field assessment	NA	short term	te hoge waterstand
2	19919	LIMDST0108	3110	1	1	field assessment	NA	NA	NA
2	19919	LIMDST0108	3130_aom	1	1	field assessment	NA	NA	NA
2	19919	LIMDST0108	3130_na	1	1	field assessment	NA	NA	NA
2	19921	ANTKAL0019	3160	1	1	field assessment	NA	NA	NA
2	19922	ANTKAL0021	3160	1	1	field assessment	NA	NA	NA
2	19923	ANTKAS0302	3130_aom	0	0	field assessment	NA	NA	NA
2	19926	LIMZNH0150	3130_aom	1	1	field assessment	NA	NA	NA
2	19926	LIMZNH0150	3130_na	1	1	field assessment	NA	NA	NA
2	19928	ANTKAL0383	3160	1	1	field assessment	NA	NA	NA
2	19928	OVLMOE0016	3150	1	1	field assessment	NA	NA	NA
2	19929	ANTKAL0387	3160	1	1	field assessment	NA	NA	NA
2	19930	ANTTUR0348	3130_aom	1	1	field assessment	NA	NA	NA
2	19930	LIMBOC0019	3130_na	1	1	field assessment	NA	NA	NA
2	19930	LIMBOC0019	3140	1	1	field assessment	NA	NA	NA
2	19940	LIMZUT0080	3130_aom	1	1	field assessment	NA	NA	NA
2	19940	LIMZUT0080	3140	0	1	field assessment	NA	NA	NA
2	19951	ANTMOL0089	3130_aom	1	1	field assessment	NA	NA	NA
2	19951	ANTMOL0089	3140	0	1	field assessment	NA	NA	NA
2	19951	ANTMOL0089	3150	0	1	field assessment	NA	NA	NA
2	19954	LIMBRE0073	3130_na	1	1	field assessment	NA	NA	NA
2	19954	LIMBRE0073	3150	1	1	field assessment	NA	NA	NA
2	19954	LIMMSK0444	3130_aom	1	1	field assessment	NA	NA	NA
2	19955	ANTKAS0463	3130_aom	1	1	field assessment	NA	NA	NA
2	19955	ANTKAS0463	3160	1	1	field assessment	NA	NA	NA
2	19957	LIMHHE0286	3130_aom	0	1	field assessment	NA	NA	NA
2	19957	LIMHHE0286	3130_na	1	1	field assessment	NA	NA	NA
2	19957	LIMHHE0286	3140	0	1	field assessment	NA	NA	NA
2	19957	LIMZNH0043	3130_na	1	1	field assessment	NA	NA	NA
2	19957	LIMZNH0043	3140	1	1	field assessment	NA	NA	NA
2	19958	ANTBCT0464	3160	1	1	field assessment	NA	NA	NA
2	19958	ANTBCT0525	3160	1	1	field assessment	NA	NA	NA
2	19958	ANTBCT0698	3160	1	1	field assessment	NA	NA	NA
2	19958	ANTHTS0151	3130_aom	1	1	field assessment	NA	NA	NA
2	19958	ANTHTS0151	3160	1	1	field assessment	NA	NA	NA
2	19958	ANTKAS0616	3160	1	1	field assessment	NA	NA	NA
2	19961	ANTKAL0235	3160	1	1	field assessment	NA	NA	NA
2	19961	ANTMEC0388	3130_na	1	1	field assessment	NA	NA	NA
2	19961	ANTMEC0388	3140	1	1	field assessment	NA	NA	NA
2	19963	ANTANT0480	3140	1	1	field assessment	NA	NA	NA
2	19964	ANTDES0075	3150	0	0	field assessment	NA	NA	NA
2	19964	ANTMOL0747	3130_aom	1	1	field assessment	NA	NA	NA
2	19964	ANTMOL0747	3160	0	1	field assessment	NA	NA	NA
2	19965	ANTBAA0044	3130_aom	1	1	field assessment	NA	NA	NA
2	19965	ANTBAA0044	3130_na	0	1	field assessment	NA	NA	NA
2	19965	ANTBAA0048	3130_aom	1	1	field assessment	NA	NA	NA
2	19965	ANTBAA0048	3130_na	1	1	field assessment	NA	NA	NA
2	19965	ANTBAA0048	3140	1	1	field assessment	NA	NA	NA
2	19969	LIMGNK0062	3130_aom	1	1	field assessment	NA	NA	NA
2	19969	LIMGNK0062	3130_na	1	1	field assessment	NA	NA	NA
2	19969	LIMGNK0062	3150	0	1	field assessment	NA	NA	NA
2	19970	ANTKAS0501	3130_aom	1	1	field assessment	NA	NA	NA
2	19970	ANTKAS0501	3130_na	1	1	field assessment	NA	NA	NA
2	19970	ANTKAS0501	3160	1	1	field assessment	NA	NA	NA
2	19971	LIMHAS0165	3130_aom	1	1	field assessment	NA	NA	NA
2	19971	LIMHAS0165	3130_na	1	1	field assessment	NA	NA	NA
2	19971	LIMHAS0462	3130_aom	1	1	field assessment	NA	NA	NA
2	19971	LIMHAS0462	3130_na	1	1	field assessment	NA	NA	NA
2	19971	LIMHAS0462	3140	0	1	field assessment	NA	NA	NA
2	19972	LIMMGR0376	3130_aom	0	1	field assessment	NA	NA	NA
2	19972	LIMMGR0376	3160	1	1	field assessment	NA	NA	NA
2	19976	LIMZNH0516	3130_aom	1	1	field assessment	NA	NA	NA
2	19976	LIMZNH0516	3130_na	1	1	field assessment	NA	NA	NA
2	19976	LIMZNH0516	3140	1	1	field assessment	NA	NA	NA
2	19976	LIMZNH0516	3150	0	1	field assessment	NA	NA	NA
2	19976	LIMZNH0576	3130_na	1	1	field assessment	NA	NA	NA
2	19976	LIMZNH0576	3150	0	1	field assessment	NA	NA	NA
2	19977	ANTBCT0275	3160	1	1	field assessment	NA	NA	NA
2	19978	LIMDPB0311	3150	1	1	field assessment	NA	NA	NA
2	19978	LIMDPB0315	3150	1	1	field assessment	NA	NA	NA
2	19982	LIMLOM0067	3130_aom	1	1	field assessment	NA	NA	NA
2	19982	LIMLOM0067	3130_na	1	1	field assessment	NA	NA	NA
2	19982	LIMLOM0067	3150	0	1	field assessment	NA	NA	NA
2	19985	ANTBCT0019	3130_aom	0	1	field assessment	NA	NA	NA
2	19985	ANTBCT0019	3160	1	1	field assessment	NA	NA	NA
2	19985	ANTBCT0136	3160	0	0	field assessment	NA	NA	NA
2	19990	LIMLUM0210	3150	1	1	field assessment	NA	NA	NA
2	19991	ANTMOL0068	3130_aom	1	1	field assessment	NA	NA	NA
2	19991	ANTMOL0068	3140	1	1	field assessment	NA	NA	NA
2	19992	LIMKIN0231	3140	1	1	field assessment	NA	NA	NA
2	19992	LIMKIN0231	3150	1	1	field assessment	NA	NA	NA
2	19999	ANTMRK0228	3130_na	1	1	field assessment	NA	NA	NA
2	19999	ANTMRK0228	3140	1	1	field assessment	NA	NA	NA
2	19999	ANTMRK0228	3150	1	1	field assessment	NA	NA	NA
2	20213	ANTANT0315	3140	1	1	field assessment	NA	NA	NA
2	20217	ANTKAS0033	3160	1	1	field assessment	NA	NA	NA
2	20217	LIMTON0188	3140	0	0	field assessment	NA	NA	NA
2	20220	ANTKAS0105	3130_aom	1	1	field assessment	NA	NA	NA
2	20220	ANTKAS0105	3150	0	1	field assessment	NA	NA	NA
2	20220	ANTTUR0142	3150	1	1	field assessment	NA	NA	NA
2	20242	ANTRUM0038	3140	1	1	field assessment	NA	NA	NA
2	20244	ANTMOL0165	3130_na	1	1	field assessment	NA	NA	NA
2	20244	ANTMOL0165	3140	1	1	field assessment	NA	NA	NA
2	20251	LIMGNK0025	3150	NA	NA	NA	NA	short term	te hoge waterstand
2	20251	LIMGNK0119	3130_aom	1	1	field assessment	NA	NA	NA
2	20251	LIMGNK0119	3130_na	1	1	field assessment	NA	NA	NA
2	20251	LIMGNK0119	3140	1	1	field assessment	NA	NA	NA
2	20251	LIMGNK0182	3130_na	1	1	field assessment	NA	short term	(grotendeels) drooggevallen
2	20251	LIMGNK0182	3140	0	1	field assessment	NA	short term	(grotendeels) drooggevallen
2	20252	ANTOTH0015	3130_aom	0	0	field assessment	NA	NA	NA
2	20259	ANTBAA0046	3130_na	1	1	field assessment	NA	NA	NA
2	20259	ANTBAA0046	3140	1	1	field assessment	NA	NA	NA
2	20262	ANTHST0508	3130_aom	1	1	field assessment	NA	NA	NA
2	20265	OVLBLE0280	3150	1	1	field assessment	NA	NA	NA
2	20279	OVLBLE0077	3150	0	0	field assessment	NA	NA	NA
2	20283	ANTGEE0193	3150	1	1	field assessment	NA	NA	NA
2	20286	VBRSZI0277	3150	1	1	field assessment	NA	NA	NA
2	20287	ANTARE0286	3150	1	1	field assessment	NA	NA	NA
2	20287	LIMBOC0026	3140	1	1	field assessment	NA	NA	NA
2	20287	LIMBOC0078	3140	NA	NA	NA	NA	short term	(grotendeels) drooggevallen
2	20287	LIMBRE0185	3130_aom	NA	NA	NA	NA	short term	(grotendeels) drooggevallen
2	20294	ANTMRK0285	3130_aom	1	1	field assessment	NA	short term	(grotendeels) drooggevallen
2	20294	ANTMRK0285	3130_na	1	1	field assessment	NA	short term	(grotendeels) drooggevallen
2	20294	LIMHHE0001	3160	1	1	field assessment	NA	NA	NA
2	20294	LIMHHE0375	3160	1	1	field assessment	NA	NA	NA
2	20297	LIMHAS0544	3130_na	NA	NA	NA	NA	short term	(grotendeels) drooggevallen
2	20297	LIMZNH0105	3130_aom	1	1	field assessment	NA	NA	NA
2	20297	LIMZNH0105	3130_na	1	1	field assessment	NA	NA	NA
2	20297	LIMZNH0432	3130_aom	NA	NA	NA	NA	short term	(grotendeels) drooggevallen
2	20297	LIMZNH0432	3130_na	NA	NA	NA	NA	short term	(grotendeels) drooggevallen
2	20299	LIMMSK0456	3140	1	1	field assessment	NA	NA	NA
2	20299	LIMMSK0456	3150	1	1	field assessment	NA	NA	NA
2	20304	WVLJAB0436	3130_aom	NA	NA	NA	NA	short term	(grotendeels) drooggevallen
2	20304	WVLZED0215	3130_aom	0	0	field assessment	NA	NA	NA
2	20307	ANTMOL0720	3130_aom	1	1	field assessment	NA	NA	NA
2	20307	ANTMOL0720	3130_na	1	1	field assessment	NA	NA	NA
2	20307	WVLBRU1212	3150	0	0	field assessment	NA	NA	NA
2	20308	OVLGNT0211	3130_aom	0	0	field assessment	NA	NA	NA
2	20313	ANTRAV0369	3130_aom	1	1	field assessment	NA	NA	NA
2	20314	ANTBCT0508	3160	1	1	field assessment	NA	NA	NA
2	20319	LIMGNK0066	3130_aom	1	1	field assessment	NA	NA	NA
2	20319	LIMGNK0066	3130_na	1	1	field assessment	NA	NA	NA
2	20319	LIMGNK0066	3150	1	1	field assessment	NA	NA	NA
2	20319	LIMGNK0066	3160	0	1	field assessment	NA	NA	NA
2	20328	WVLKNO0126	2190_a	0	0	field assessment	NA	NA	NA
2	20328	WVLKNO0265	2190_a	NA	NA	NA	NA	short term	(grotendeels) drooggevallen
2	20328	WVLKNO0388	2190_a	NA	NA	NA	NA	short term	(grotendeels) drooggevallen
2	20332	ANTMAL0136	3130_na	1	1	field assessment	NA	NA	NA
2	20350	LIMBIL0336	3130_aom	1	1	field assessment	NA	NA	NA
2	20350	LIMBIL0336	3130_na	1	1	field assessment	NA	NA	NA
2	20350	OVLALT0344	3130_aom	1	1	field assessment	NA	NA	NA
2	20350	OVLALT0344	3130_na	1	1	field assessment	NA	NA	NA
2	20353	OVLBLE0018	3140	1	1	field assessment	NA	NA	NA
2	20363	WVLDIK0110	3150	0	0	field assessment	NA	short term	(grotendeels) drooggevallen
