"Name";"RecordingGivid";"UserReference";"Observer";"QualifierType";"Q1Code";"Q1Description";"Q2Code";"Q2Description";"Q3Code";"Q3Description";"Elucidation";"NotSure";"ParentID";"QualifierResource"
"N2000meetnet_Grasland";"IV2017021314354987";"1022766";"Patrik Oosterlynck";"MQ";"A";"Active";"Bos";"verbossing";"1";"1.0";"";0;NA;"RS2012060811060080"
"N2000meetnet_Grasland";"IV2017021415534916";"1062930";"Rémar Erens";"MQ";"A";"Active";"Bos";"verbossing";"0";"0.0";"";0;NA;"RS2012060811060080"
"N2000meetnet_Grasland";"IV2017020309560065";"10766985";"Indra Jacobs, Patrik Oosterlynck";"MQ";"A";"Active";"Bos";"verbossing";"0";"0.0";"";0;NA;"RS2012060811060080"
"N2000meetnet_Grasland";"IV2017013013460448";"1115122";"Rémar Erens";"MQ";"A";"Active";"Bos";"verbossing";"2";"2.0";"";0;NA;"RS2012060811060080"
"N2000meetnet_Grasland";"IV2017010616345212";"1117877";"Indra Jacobs";"MQ";"A";"Active";"Bos";"verbossing";"0";"0.0";"";0;NA;"RS2012060811060080"
"N2000meetnet_Grasland";"IV2017020914013322";"11366482";"Indra Jacobs, Patrik Oosterlynck, Remar Erens";"MQ";"A";"Active";"Bos";"verbossing";"0";"0.0";"";0;NA;"RS2012060811060080"
"N2000meetnet_Grasland";"IV2017012615432844";"1150886";"Rémar Erens";"MQ";"A";"Active";"Bos";"verbossing";"0";"0.0";"";0;NA;"RS2012060811060080"
"N2000meetnet_Grasland";"IV2017022212325377";"1156230";"Patrik Oosterlynck, Remar Erens";"MQ";"A";"Active";"Bos";"verbossing";"0";"0.0";"";0;NA;"RS2012060811060080"
"N2000meetnet_Grasland";"IV2017012013020416";"116950";"Indra Jacobs";"MQ";"A";"Active";"Bos";"verbossing";"0";"0.0";"";0;NA;"RS2012060811060080"
"N2000meetnet_Grasland";"IV2017010618292802";"1195701";"Indra Jacobs";"MQ";"A";"Active";"Bos";"verbossing";"0";"0.0";"";0;NA;"RS2012060811060080"
"N2000meetnet_Grasland";"IV2017012620463014";"1216422";"Rémar Erens";"MQ";"A";"Active";"Bos";"verbossing";"2";"2.0";"";0;NA;"RS2012060811060080"
"N2000meetnet_Grasland";"IV2017021018002273";"1286278";"Indra Jacobs, Patrik Oosterlynck";"MQ";"A";"Active";"Bos";"verbossing";"0";"0.0";"";0;NA;"RS2012060811060080"
"N2000meetnet_Grasland";"IV2017021416061568";"1346134";"Patrik Oosterlynck";"MQ";"A";"Active";"Bos";"verbossing";"0";"0.0";"";0;NA;"RS2012060811060080"
"N2000meetnet_Grasland";"IV2017020815060283";"14029138";"Indra Jacobs, Patrik Oosterlynck, Remar Erens";"MQ";"A";"Active";"Bos";"verbossing";"4";"4.0";"";0;NA;"RS2012060811060080"
"N2000meetnet_Grasland";"IV2017012521020429";"141010";"Rémar Erens";"MQ";"A";"Active";"Bos";"verbossing";"0";"0.0";"";0;NA;"RS2012060811060080"
"N2000meetnet_Grasland";"IV2017022415170190";"143602";"Rémar Erens";"MQ";"A";"Active";"Bos";"verbossing";"0";"0.0";"";0;NA;"RS2012060811060080"
"N2000meetnet_Grasland";"IV2017012713261758";"1436718";"Indra Jacobs";"MQ";"A";"Active";"Bos";"verbossing";"30";"30.0";"";0;NA;"RS2012060811060080"
"N2000meetnet_Grasland";"IV2017011816484258";"1436882";"Rémar Erens";"MQ";"A";"Active";"Bos";"verbossing";"3";"3.0";"";0;NA;"RS2012060811060080"
"N2000meetnet_Grasland";"IV2017021416262329";"1474526";"Patrik Oosterlynck";"MQ";"A";"Active";"Bos";"verbossing";"1";"1.0";"";0;NA;"RS2012060811060080"
"N2000meetnet_Grasland";"IV2017012709211647";"1566033";"Indra Jacobs";"MQ";"A";"Active";"Bos";"verbossing";"0";"0.0";"";0;NA;"RS2012060811060080"
"N2000meetnet_Grasland";"IV2017022011083153";"1583446";"Rémar Erens, Patrik Oosterlinck, Dirk Hennebel";"MQ";"A";"Active";"Bos";"verbossing";"0";"0.0";"";0;NA;"RS2012060811060080"
"N2000meetnet_Grasland";"IV2017021016462422";"1618054";"Indra Jacobs, Patrik Oosterlynck, Remar Erens";"MQ";"A";"Active";"Bos";"verbossing";"0";"0.0";"";0;NA;"RS2012060811060080"
"N2000meetnet_Grasland";"IV2017020116071546";"1711014";"Rémar Erens";"MQ";"A";"Active";"Bos";"verbossing";"3";"3.0";"";0;NA;"RS2012060811060080"
"N2000meetnet_Grasland";"IV2017010915000761";"17475649";"Indra Jacobs, Patrik Oosterlynck";"MQ";"A";"Active";"Bos";"verbossing";"0";"0.0";"";0;NA;"RS2012060811060080"
"N2000meetnet_Grasland";"IV2017021417070556";"1884126";"Patrik Oosterlynck";"MQ";"A";"Active";"Bos";"verbossing";"1";"1.0";"";0;NA;"RS2012060811060080"
"N2000meetnet_Grasland";"IV2017021316192193";"1938478";"Patrik Oosterlynck";"MQ";"A";"Active";"Bos";"verbossing";"0";"0.0";"";0;NA;"RS2012060811060080"
"N2000meetnet_Grasland";"IV2017010616490548";"19510";"Rémar Erens";"MQ";"A";"Active";"Bos";"verbossing";"0";"0.0";"";0;NA;"RS2012060811060080"
"N2000meetnet_Grasland";"IV2017012010235498";"201006";"Indra Jacobs";"MQ";"A";"Active";"Bos";"verbossing";"0";"0.0";"";0;NA;"RS2012060811060080"
"N2000meetnet_Grasland";"IV2017020911173410";"20320594";"Indra Jacobs, Patrik Oosterlynck, Remar Erens";"MQ";"A";"Active";"Bos";"verbossing";"0";"0.0";"";0;NA;"RS2012060811060080"
"N2000meetnet_Grasland";"IV2017012709434540";"207406";"Indra Jacobs";"MQ";"A";"Active";"Bos";"verbossing";"0";"0.0";"";0;NA;"RS2012060811060080"
"N2000meetnet_Grasland";"IV2017010617282387";"212661";"Indra Jacobs";"MQ";"A";"Active";"Bos";"verbossing";"0";"0.0";"";0;NA;"RS2012060811060080"
"N2000meetnet_Grasland";"IV2017011915010675";"2133734";"Rémar Erens";"MQ";"A";"Active";"Bos";"verbossing";"0";"0.0";"";0;NA;"RS2012060811060080"
"N2000meetnet_Grasland";"IV2017022310474384";"2160774";"Rémar Erens, Robin Guelinckx";"MQ";"A";"Active";"Bos";"verbossing";"0";"0.0";"";0;NA;"RS2012060811060080"
"N2000meetnet_Grasland";"IV2017020308164723";"2173889";"Indra Jacobs";"MQ";"A";"Active";"Bos";"verbossing";"0";"0.0";"";0;NA;"RS2012060811060080"
"N2000meetnet_Grasland";"IV2017012611170830";"220882";"Rémar Erens";"MQ";"A";"Active";"Bos";"verbossing";"0";"0.0";"";0;NA;"RS2012060811060080"
"N2000meetnet_Grasland";"IV2017022413245704";"2334002";"Rémar Erens, Robin Guelinckx";"MQ";"A";"Active";"Bos";"verbossing";"0";"0.0";"";0;NA;"RS2012060811060080"
"N2000meetnet_Grasland";"IV2017022009530029";"2371634";"Rémar Erens";"MQ";"A";"Active";"Bos";"verbossing";"0";"0.0";"";0;NA;"RS2012060811060080"
"N2000meetnet_Grasland";"IV2017010911112595";"2438198";"Patrik Oosterlynck";"MQ";"A";"Active";"Bos";"verbossing";"0";"0.0";"";0;NA;"RS2012060811060080"
"N2000meetnet_Grasland";"IV2017021009391220";"2468182";"Indra Jacobs, Patrik Oosterlynck, Remar Erens";"MQ";"A";"Active";"Bos";"verbossing";"0";"0.0";"";0;NA;"RS2012060811060080"
"N2000meetnet_Grasland";"IV2017022414255992";"2479154";"Rémar Erens";"MQ";"A";"Active";"Bos";"verbossing";"0";"0.0";"";0;NA;"RS2012060811060080"
"N2000meetnet_Grasland";"IV2017021521415567";"2552882";"Rémar Erens";"MQ";"A";"Active";"Bos";"verbossing";"48";"48.0";"";0;NA;"RS2012060811060080"
"N2000meetnet_Grasland";"IV2017010922050123";"2664513";"Indra Jacobs, Patrik Oosterlynck";"MQ";"A";"Active";"Bos";"verbossing";"0";"0.0";"";0;NA;"RS2012060811060080"
"N2000meetnet_Grasland";"IV2017012716313882";"2760937";"Indra Jacobs";"MQ";"A";"Active";"Bos";"verbossing";"0";"0.0";"";0;NA;"RS2012060811060080"
"N2000meetnet_Grasland";"IV2017022316243012";"2839602";"Rémar Erens, Robin Guelinckx, Patrik Oosterlinck";"MQ";"A";"Active";"Bos";"verbossing";"0";"0.0";"";0;NA;"RS2012060811060080"
"N2000meetnet_Grasland";"IV2017021313300649";"2898758";"Patrik Oosterlynck";"MQ";"A";"Active";"Bos";"verbossing";"0";"0.0";"";0;NA;"RS2012060811060080"
"N2000meetnet_Grasland";"IV2017012016374726";"300649";"Indra Jacobs";"MQ";"A";"Active";"Bos";"verbossing";"0";"0.0";"";0;NA;"RS2012060811060080"
"N2000meetnet_Grasland";"IV2017022112283578";"3008870";"Patrik Oosterlynck, Remar Erens";"MQ";"A";"Active";"Bos";"verbossing";"5";"5.0";"";0;NA;"RS2012060811060080"
"N2000meetnet_Grasland";"IV2017021410455484";"3016210";"Patrik Oosterlynck";"MQ";"A";"Active";"Bos";"verbossing";"0";"0.0";"";0;NA;"RS2012060811060080"
"N2000meetnet_Grasland";"IV2017021510114273";"311262";"Patrik Oosterlynck";"MQ";"A";"Active";"Bos";"verbossing";"5";"5.0";"";0;NA;"RS2012060811060080"
"N2000meetnet_Grasland";"IV2017012015481765";"315329";"Indra Jacobs";"MQ";"A";"Active";"Bos";"verbossing";"0";"0.0";"";0;NA;"RS2012060811060080"
"N2000meetnet_Grasland";"IV2017011212263384";"323154";"Rémar Erens";"MQ";"A";"Active";"Bos";"verbossing";"40";"40.0";"";0;NA;"RS2012060811060080"
"N2000meetnet_Grasland";"IV2017020121010797";"3276198";"Rémar Erens";"MQ";"A";"Active";"Bos";"verbossing";"1";"1.0";"";0;NA;"RS2012060811060080"
"N2000meetnet_Grasland";"IV2017010616530182";"331445";"Indra Jacobs";"MQ";"A";"Active";"Bos";"verbossing";"0";"0.0";"";0;NA;"RS2012060811060080"
"N2000meetnet_Grasland";"IV2017013110020007";"340978";"Rémar Erens";"MQ";"A";"Active";"Bos";"verbossing";"3";"3.0";"";0;NA;"RS2012060811060080"
"N2000meetnet_Grasland";"IV2017012714260737";"3461110";"Indra Jacobs";"MQ";"A";"Active";"Bos";"verbossing";"0";"0.0";"";0;NA;"RS2012060811060080"
"N2000meetnet_Grasland";"IV2017022211082902";"3741830";"Patrik Oosterlynck, Remar Erens";"MQ";"A";"Active";"Bos";"verbossing";"0";"0.0";"";0;NA;"RS2012060811060080"
"N2000meetnet_Grasland";"IV2017011215162577";"37557";"Indra Jacobs";"MQ";"A";"Active";"Bos";"verbossing";"0";"0.0";"";0;NA;"RS2012060811060080"
"N2000meetnet_Grasland";"IV2017021512174228";"3777298";"Rémar Erens, Robin Guelinck, Roy Hendrix";"MQ";"A";"Active";"Bos";"verbossing";"0";"0.0";"";0;NA;"RS2012060811060080"
"N2000meetnet_Grasland";"IV2017012012273378";"379094";"Indra Jacobs";"MQ";"A";"Active";"Bos";"verbossing";"0";"0.0";"";0;NA;"RS2012060811060080"
"N2000meetnet_Grasland";"IV2017020312255416";"398529";"Indra Jacobs";"MQ";"A";"Active";"Bos";"verbossing";"0";"0.0";"";0;NA;"RS2012060811060080"
"N2000meetnet_Grasland";"IV2017020309175600";"4008897";"Indra Jacobs";"MQ";"A";"Active";"Bos";"verbossing";"0";"0.0";"";0;NA;"RS2012060811060080"
"N2000meetnet_Grasland";"IV2017021716013587";"4026418";"Rémar Erens";"MQ";"A";"Active";"Bos";"verbossing";"0";"0.0";"";0;NA;"RS2012060811060080"
"N2000meetnet_Grasland";"IV2017021011171644";"4042038";"Indra Jacobs, Patrik Oosterlynck, Remar Erens";"MQ";"A";"Active";"Bos";"verbossing";"0";"0.0";"";0;NA;"RS2012060811060080"
"N2000meetnet_Grasland";"IV2017022115074420";"4057446";"Patrik Oosterlynck, Remar Erens";"MQ";"A";"Active";"Bos";"verbossing";"0";"0.0";"";0;NA;"RS2012060811060080"
"N2000meetnet_Grasland";"IV2017010618405531";"409269";"Indra Jacobs";"MQ";"A";"Active";"Bos";"verbossing";"0";"0.0";"";0;NA;"RS2012060811060080"
"N2000meetnet_Grasland";"IV2017022013575286";"414646";"Patrik Oosterlynck, Remar Erens";"MQ";"A";"Active";"Bos";"verbossing";"0";"0.0";"";0;NA;"RS2012060811060080"
"N2000meetnet_Grasland";"IV2017010611111454";"423762";"Rémar Erens";"MQ";"A";"Active";"Bos";"verbossing";"20";"20.0";"";0;NA;"RS2012060811060080"
"N2000meetnet_Grasland";"IV2017011212535658";"437685";"Indra Jacobs";"MQ";"A";"Active";"Bos";"verbossing";"0";"0.0";"";0;NA;"RS2012060811060080"
"N2000meetnet_Grasland";"IV2017012715235876";"4390190";"Indra Jacobs";"MQ";"A";"Active";"Bos";"verbossing";"0";"0.0";"";0;NA;"RS2012060811060080"
"N2000meetnet_Grasland";"IV2017020915002276";"4501586";"Indra Jacobs, Patrik Oosterlynck, Remar Erens";"MQ";"A";"Active";"Bos";"verbossing";"0";"0.0";"";0;NA;"RS2012060811060080"
"N2000meetnet_Grasland";"IV2017010610523940";"455349";"Indra Jacobs";"MQ";"A";"Active";"Bos";"verbossing";"0";"0.0";"";0;NA;"RS2012060811060080"
"N2000meetnet_Grasland";"IV2017021311505729";"4598982";"Indra Jacobs, Patrik Oosterlynck, Remar Erens";"MQ";"A";"Active";"Bos";"verbossing";"0";"0.0";"";0;NA;"RS2012060811060080"
"N2000meetnet_Grasland";"IV2017010613314127";"472065";"Indra Jacobs";"MQ";"A";"Active";"Bos";"verbossing";"0";"0.0";"";0;NA;"RS2012060811060080"
"N2000meetnet_Grasland";"IV2017022411275584";"480306";"Rémar Erens, Patrick Oosterlinck";"MQ";"A";"Active";"Bos";"verbossing";"0";"0.0";"";0;NA;"RS2012060811060080"
"N2000meetnet_Grasland";"IV2017021316470293";"4851218";"Patrik Oosterlynck";"MQ";"A";"Active";"Bos";"verbossing";"0";"0.0";"";0;NA;"RS2012060811060080"
"N2000meetnet_Grasland";"IV2017020211023566";"487606";"Rémar Erens";"MQ";"A";"Active";"Bos";"verbossing";"1";"1.0";"";0;NA;"RS2012060811060080"
"N2000meetnet_Grasland";"IV2017021310384624";"4975814";"Indra Jacobs, Patrik Oosterlynck, Remar Erens";"MQ";"A";"Active";"Bos";"verbossing";"0";"0.0";"";0;NA;"RS2012060811060080"
"N2000meetnet_Grasland";"IV2017021413520341";"498886";"Patrik Oosterlynck";"MQ";"A";"Active";"Bos";"verbossing";"0";"0.0";"";0;NA;"RS2012060811060080"
"N2000meetnet_Grasland";"IV2017010910225147";"500782";"Patrik Oosterlynck";"MQ";"A";"Active";"Bos";"verbossing";"0";"0.0";"";0;NA;"RS2012060811060080"
"N2000meetnet_Grasland";"IV2017010511460749";"530734";"Indra Jacobs";"MQ";"A";"Active";"Bos";"verbossing";"0";"0.0";"";0;NA;"RS2012060811060080"
"N2000meetnet_Grasland";"IV2017010618124978";"540341";"Indra Jacobs";"MQ";"A";"Active";"Bos";"verbossing";"0";"0.0";"";0;NA;"RS2012060811060080"
"N2000meetnet_Grasland";"IV2017011814163232";"540658";"Rémar Erens";"MQ";"A";"Active";"Bos";"verbossing";"1";"1.0";"";0;NA;"RS2012060811060080"
"N2000meetnet_Grasland";"IV2017021012213856";"544902";"Indra Jacobs, Patrik Oosterlynck";"MQ";"A";"Active";"Bos";"verbossing";"2";"2.0";"";0;NA;"RS2012060811060080"
"N2000meetnet_Grasland";"IV2017012017101191";"576302";"Indra Jacobs";"MQ";"A";"Active";"Bos";"verbossing";"0";"0.0";"";0;NA;"RS2012060811060080"
"N2000meetnet_Grasland";"IV2017022012400428";"5783154";"Rémar Erens";"MQ";"A";"Active";"Bos";"verbossing";"7";"7.0";"";0;NA;"RS2012060811060080"
"N2000meetnet_Grasland";"IV2017011916524752";"583378";"Rémar Erens";"MQ";"A";"Active";"Bos";"verbossing";"0";"0.0";"";0;NA;"RS2012060811060080"
"N2000meetnet_Grasland";"IV2017012712420281";"58433";"Indra Jacobs";"MQ";"A";"Active";"Bos";"verbossing";"0";"0.0";"";0;NA;"RS2012060811060080"
"N2000meetnet_Grasland";"IV2017012522043706";"59090";"Rémar Erens";"MQ";"A";"Active";"Bos";"verbossing";"20";"20.0";"";0;NA;"RS2012060811060080"
"N2000meetnet_Grasland";"IV2017020211533870";"606390";"Rémar Erens";"MQ";"A";"Active";"Bos";"verbossing";"7";"7.0";"";0;NA;"RS2012060811060080"
"N2000meetnet_Grasland";"IV2017021017175886";"6152326";"Indra Jacobs, Patrik Oosterlynck, Remar Erens";"MQ";"A";"Active";"Bos";"verbossing";"0";"0.0";"";0;NA;"RS2012060811060080"
"N2000meetnet_Grasland";"IV2017013015545827";"619506";"Rémar Erens";"MQ";"A";"Active";"Bos";"verbossing";"2";"2.0";"";0;NA;"RS2012060811060080"
"N2000meetnet_Grasland";"IV2017013011553027";"627922";"Rémar Erens";"MQ";"A";"Active";"Bos";"verbossing";"0";"0.0";"";0;NA;"RS2012060811060080"
"N2000meetnet_Grasland";"IV2017012013475483";"641238";"Indra Jacobs";"MQ";"A";"Active";"Bos";"verbossing";"0";"0.0";"";0;NA;"RS2012060811060080"
"N2000meetnet_Grasland";"IV2017012613411763";"648914";"Rémar Erens";"MQ";"A";"Active";"Bos";"verbossing";"0";"0.0";"";0;NA;"RS2012060811060080"
"N2000meetnet_Grasland";"IV2017021414213854";"654598";"Patrik Oosterlynck";"MQ";"A";"Active";"Bos";"verbossing";"0";"0.0";"";0;NA;"RS2012060811060080"
"N2000meetnet_Grasland";"IV2017011215545335";"695297";"Indra Jacobs";"MQ";"A";"Active";"Bos";"verbossing";"0";"0.0";"";0;NA;"RS2012060811060080"
"N2000meetnet_Grasland";"IV2017120118342938";"7072966";"Indra Jacobs";"MQ";"A";"Active";"Bos";"verbossing";"0";"0.0";"";0;NA;"RS2012060811060080"
"N2000meetnet_Grasland";"IV2017011813083530";"721906";"Rémar Erens";"MQ";"A";"Active";"Bos";"verbossing";"0";"0.0";"";0;NA;"RS2012060811060080"
"N2000meetnet_Grasland";"IV2017010617095027";"736949";"Indra Jacobs";"MQ";"A";"Active";"Bos";"verbossing";"0";"0.0";"";0;NA;"RS2012060811060080"
"N2000meetnet_Grasland";"IV2017022410260914";"742450";"Rémar Erens";"MQ";"A";"Active";"Bos";"verbossing";"0";"0.0";"";0;NA;"RS2012060811060080"
"N2000meetnet_Grasland";"IV2017012711292443";"743982";"Indra Jacobs";"MQ";"A";"Active";"Bos";"verbossing";"0";"0.0";"";0;NA;"RS2012060811060080"
"N2000meetnet_Grasland";"IV2017012312301685";"745170";"Rémar Erens";"MQ";"A";"Active";"Bos";"verbossing";"0";"0.0";"";0;NA;"RS2012060811060080"
"N2000meetnet_Grasland";"IV2017021414444810";"753630";"Patrik Oosterlynck";"MQ";"A";"Active";"Bos";"verbossing";"0";"0.0";"";0;NA;"RS2012060811060080"
"N2000meetnet_Grasland";"IV2017011312251730";"781906";"Rémar Erens";"MQ";"A";"Active";"Bos";"verbossing";"4";"4.0";"";0;NA;"RS2012060811060080"
"N2000meetnet_Grasland";"IV2017011215302636";"798133";"Indra Jacobs";"MQ";"A";"Active";"Bos";"verbossing";"0";"0.0";"";0;NA;"RS2012060811060080"
"N2000meetnet_Grasland";"IV2017010617430082";"801793";"Indra Jacobs";"MQ";"A";"Active";"Bos";"verbossing";"0";"0.0";"";0;NA;"RS2012060811060080"
"N2000meetnet_Grasland";"IV2017120117561385";"8121542";"Indra Jacobs";"MQ";"A";"Active";"Bos";"verbossing";"10";"10.0";"";0;NA;"RS2012060811060080"
"N2000meetnet_Grasland";"IV2017010510420097";"842030";"Indra Jacobs";"MQ";"A";"Active";"Bos";"verbossing";"0";"0.0";"";0;NA;"RS2012060811060080"
"N2000meetnet_Grasland";"IV2017013011050597";"857298";"Rémar Erens";"MQ";"A";"Active";"Bos";"verbossing";"0";"0.0";"";0;NA;"RS2012060811060080"
"N2000meetnet_Grasland";"IV2017013013060304";"87250";"Rémar Erens";"MQ";"A";"Active";"Bos";"verbossing";"0";"0.0";"";0;NA;"RS2012060811060080"
"N2000meetnet_Grasland";"IV2017012613001528";"89810";"Rémar Erens";"MQ";"A";"Active";"Bos";"verbossing";"0";"0.0";"";0;NA;"RS2012060811060080"
"N2000meetnet_Grasland";"IV2017022015155634";"905382";"Patrik Oosterlynck, Remar Erens";"MQ";"A";"Active";"Bos";"verbossing";"0";"0.0";"";0;NA;"RS2012060811060080"
"N2000meetnet_Grasland";"IV2017021312415166";"9087041";"Indra Jacobs, Patrik Oosterlynck";"MQ";"A";"Active";"Bos";"verbossing";"0";"0.0";"";0;NA;"RS2012060811060080"
"N2000meetnet_Grasland";"IV2017010609200485";"908981";"Indra Jacobs";"MQ";"A";"Active";"Bos";"verbossing";"0";"0.0";"";0;NA;"RS2012060811060080"
"N2000meetnet_Grasland";"IV2017021415415208";"979286";"Patrik Oosterlynck";"MQ";"A";"Active";"Bos";"verbossing";"2";"2.0";"";0;NA;"RS2012060811060080"
"N2000meetnet_Grasland";"IV2017010612172361";"996353";"Indra Jacobs";"MQ";"A";"Active";"Bos";"verbossing";"0";"0.0";"";0;NA;"RS2012060811060080"
"N2000meetnet_Moerassen";"IV2017022111173825";"1004470";"Patrik Oosterlynck, Remar Erens";"MQ";"A";"Active";"Bos";"verbossing";"5";"5.0";"";0;NA;"RS2012060811060080"
"N2000meetnet_Moerassen";"IV2017022111173825";"1004470";"Patrik Oosterlynck, Remar Erens";"MQ";"A";"Active";"Struc";"structuurschade";"0";"0.0";"";0;NA;"RS2012060811060080"
"N2000meetnet_Moerassen";"IV2017020813265807";"1013294";"Indra Jacobs";"MQ";"A";"Active";"Struc";"structuurschade";"0";"0.0";"";0;NA;"RS2012060811060080"
"N2000meetnet_Moerassen";"IV2017020813265807";"1013294";"Indra Jacobs";"MQ";"A";"Active";"Bos";"verbossing";"25";"25.0";"";0;NA;"RS2012060811060080"
"N2000meetnet_Moerassen";"IV2017021515592266";"103094";"Patrik Oosterlynck";"MQ";"A";"Active";"Struc";"structuurschade";"0";"0.0";"";0;NA;"RS2012060811060080"
"N2000meetnet_Moerassen";"IV2017021515592266";"103094";"Patrik Oosterlynck";"MQ";"A";"Active";"Bos";"verbossing";"0";"0.0";"";0;NA;"RS2012060811060080"
"N2000meetnet_Moerassen";"IV2017021710141595";"1087350";"Patrik Oosterlynck";"MQ";"A";"Active";"Bos";"verbossing";"1";"1.0";"";0;NA;"RS2012060811060080"
"N2000meetnet_Moerassen";"IV2017021710141595";"1087350";"Patrik Oosterlynck";"MQ";"A";"Active";"Struc";"structuurschade";"0";"0.0";"";0;NA;"RS2012060811060080"
"N2000meetnet_Moerassen";"IV2017021513460105";"1388150";"Patrik Oosterlynck, S. De Saeger, Lennert D., Manu";"MQ";"A";"Active";"Struc";"structuurschade";"0";"0.0";"";0;NA;"RS2012060811060080"
"N2000meetnet_Moerassen";"IV2017021513460105";"1388150";"Patrik Oosterlynck, S. De Saeger, Lennert D., Manu";"MQ";"A";"Active";"Bos";"verbossing";"1";"1.0";"";0;NA;"RS2012060811060080"
"N2000meetnet_Moerassen";"IV2017021716250537";"1635254";"Patrik Oosterlynck, Remar Erens, Indra Jacobs";"MQ";"A";"Active";"Bos";"verbossing";"45";"45.0";"";0;NA;"RS2012060811060080"
"N2000meetnet_Moerassen";"IV2017021716250537";"1635254";"Patrik Oosterlynck, Remar Erens, Indra Jacobs";"MQ";"A";"Active";"Struc";"structuurschade";"0";"0.0";"";0;NA;"RS2012060811060080"
"N2000meetnet_Moerassen";"IV2017020318560367";"170798";"Indra Jacobs";"MQ";"A";"Active";"Struc";"structuurschade";"0";"0.0";"";0;NA;"RS2012060811060080"
"N2000meetnet_Moerassen";"IV2017020318560367";"170798";"Indra Jacobs";"MQ";"A";"Active";"Bos";"verbossing";"0";"0.0";"";0;NA;"RS2012060811060080"
"N2000meetnet_Moerassen";"IV2017021712024375";"1749942";"Patrik Oosterlynck, Remar Erens";"MQ";"A";"Active";"Struc";"structuurschade";"0";"0.0";"";0;NA;"RS2012060811060080"
"N2000meetnet_Moerassen";"IV2017021712024375";"1749942";"Patrik Oosterlynck, Remar Erens";"MQ";"A";"Active";"Bos";"verbossing";"30";"30.0";"";0;NA;"RS2012060811060080"
"N2000meetnet_Moerassen";"IV2017021716580390";"2225078";"Patrik Oosterlynck, Remar Erens";"MQ";"A";"Active";"Struc";"structuurschade";"0";"0.0";"";0;NA;"RS2012060811060080"
"N2000meetnet_Moerassen";"IV2017021716580390";"2225078";"Patrik Oosterlynck, Remar Erens";"MQ";"A";"Active";"Bos";"verbossing";"7";"7.0";"";0;NA;"RS2012060811060080"
"N2000meetnet_Moerassen";"IV2017012711062779";"23086";"Indra Jacobs";"MQ";"A";"Active";"Bos";"verbossing";"0";"0.0";"";0;NA;"RS2012060811060080"
"N2000meetnet_Moerassen";"IV2017012711062779";"23086";"Indra Jacobs";"MQ";"A";"Active";"Struc";"structuurschade";"0";"0.0";"";0;NA;"RS2012060811060080"
"N2000meetnet_Moerassen";"IV2017021513174412";"267986";"Patrik Oosterlynck";"MQ";"A";"Active";"Bos";"verbossing";"40";"40.0";"";0;NA;"RS2012060811060080"
"N2000meetnet_Moerassen";"IV2017021513174412";"267986";"Patrik Oosterlynck";"MQ";"A";"Active";"Struc";"structuurschade";"0";"0.0";"";0;NA;"RS2012060811060080"
"N2000meetnet_Moerassen";"IV2017021515354295";"271030";"Patrik Oosterlynck";"MQ";"A";"Active";"Struc";"structuurschade";"0";"0.0";"";0;NA;"RS2012060811060080"
"N2000meetnet_Moerassen";"IV2017021515354295";"271030";"Patrik Oosterlynck";"MQ";"A";"Active";"Bos";"verbossing";"0";"0.0";"";0;NA;"RS2012060811060080"
"N2000meetnet_Moerassen";"IV2017020318100730";"282614";"Indra Jacobs, Patrik Oosterlynck";"MQ";"A";"Active";"Bos";"verbossing";"0";"0.0";"";0;NA;"RS2012060811060080"
"N2000meetnet_Moerassen";"IV2017020318100730";"282614";"Indra Jacobs, Patrik Oosterlynck";"MQ";"A";"Active";"Struc";"structuurschade";"0";"0.0";"";0;NA;"RS2012060811060080"
"N2000meetnet_Moerassen";"IV2017021710412000";"3219382";"Patrik Oosterlynck, Remar Erens, Indra Jacobs";"MQ";"A";"Active";"Bos";"verbossing";"10";"10.0";"";0;NA;"RS2012060811060080"
"N2000meetnet_Moerassen";"IV2017021710412000";"3219382";"Patrik Oosterlynck, Remar Erens, Indra Jacobs";"MQ";"A";"Active";"Struc";"structuurschade";"1";"1.0";"";0;NA;"RS2012060811060080"
"N2000meetnet_Moerassen";"IV2017021712570028";"3732406";"Patrik Oosterlynck, Remar Erens, Indra Jacobs";"MQ";"A";"Active";"Bos";"verbossing";"1";"1.0";"";0;NA;"RS2012060811060080"
"N2000meetnet_Moerassen";"IV2017021712570028";"3732406";"Patrik Oosterlynck, Remar Erens, Indra Jacobs";"MQ";"A";"Active";"Struc";"structuurschade";"0";"0.0";"";0;NA;"RS2012060811060080"
"N2000meetnet_Moerassen";"IV2017021514542213";"419538";"Patrik Oosterlynck";"MQ";"A";"Active";"Bos";"verbossing";"1";"1.0";"";0;NA;"RS2012060811060080"
"N2000meetnet_Moerassen";"IV2017021514542213";"419538";"Patrik Oosterlynck";"MQ";"A";"Active";"Struc";"structuurschade";"0";"0.0";"";0;NA;"RS2012060811060080"
"N2000meetnet_Moerassen";"IV2017021513022196";"482290";"Patrik Oosterlynck";"MQ";"A";"Active";"Bos";"verbossing";"0";"0.0";"";0;NA;"RS2012060811060080"
"N2000meetnet_Moerassen";"IV2017021513022196";"482290";"Patrik Oosterlynck";"MQ";"A";"Active";"Struc";"structuurschade";"0";"0.0";"";0;NA;"RS2012060811060080"
"N2000meetnet_Moerassen";"IV2017020814143501";"518902";"Indra Jacobs";"MQ";"A";"Active";"Struc";"structuurschade";"0";"0.0";"";0;NA;"RS2012060811060080"
"N2000meetnet_Moerassen";"IV2017020814143501";"518902";"Indra Jacobs";"MQ";"A";"Active";"Bos";"verbossing";"0";"0.0";"";0;NA;"RS2012060811060080"
"N2000meetnet_Moerassen";"IV2017012612213288";"696182";"Patrik Oosterlynck";"MQ";"A";"Active";"Bos";"verbossing";"10";"10.0";"";0;NA;"RS2012060811060080"
"N2000meetnet_Moerassen";"IV2017012612213288";"696182";"Patrik Oosterlynck";"MQ";"A";"Active";"Struc";"structuurschade";"0";"0.0";"";0;NA;"RS2012060811060080"
"N2000meetnet_Moerassen";"IV2017021712211026";"702674";"Patrik Oosterlynck, Remar Erens";"MQ";"A";"Active";"Struc";"structuurschade";"0";"0.0";"";0;NA;"RS2012060811060080"
"N2000meetnet_Moerassen";"IV2017021712211026";"702674";"Patrik Oosterlynck, Remar Erens";"MQ";"A";"Active";"Bos";"verbossing";"4";"4.0";"";0;NA;"RS2012060811060080"
"N2000meetnet_Moerassen";"IV2017020318315989";"856054";"Indra Jacobs, Patrik Oosterlynck";"MQ";"A";"Active";"Bos";"verbossing";"0";"0.0";"";0;NA;"RS2012060811060080"
"N2000meetnet_Moerassen";"IV2017020318315989";"856054";"Indra Jacobs, Patrik Oosterlynck";"MQ";"A";"Active";"Struc";"structuurschade";"0";"0.0";"";0;NA;"RS2012060811060080"
"N2000meetnet_Moerassen";"IV2017020713102084";"863862";"Patrik Oosterlynck";"MQ";"A";"Active";"Bos";"verbossing";"10";"10.0";"";0;NA;"RS2012060811060080"
"N2000meetnet_Moerassen";"IV2017020713102084";"863862";"Patrik Oosterlynck";"MQ";"A";"Active";"Struc";"structuurschade";"0";"0.0";"";0;NA;"RS2012060811060080"
"N2000meetnet_Moerassen";"IV2017021511480087";"880094";"Patrik Oosterlynck, Jan Vermeulen";"MQ";"A";"Active";"Struc";"structuurschade";"0";"0.0";"";0;NA;"RS2012060811060080"
"N2000meetnet_Moerassen";"IV2017021511480087";"880094";"Patrik Oosterlynck, Jan Vermeulen";"MQ";"A";"Active";"Bos";"verbossing";"0";"0.0";"";0;NA;"RS2012060811060080"
"N2000meetnet_Moerassen";"IV2017021514080638";"923346";"Patrik Oosterlynck";"MQ";"A";"Active";"Bos";"verbossing";"30";"30.0";"";0;NA;"RS2012060811060080"
"N2000meetnet_Moerassen";"IV2017021514080638";"923346";"Patrik Oosterlynck";"MQ";"A";"Active";"Struc";"structuurschade";"0";"0.0";"";0;NA;"RS2012060811060080"
"N2000meetnet_Moerassen";"IV2017021515123500";"943826";"Patrik Oosterlynck";"MQ";"A";"Active";"Bos";"verbossing";"0";"0.0";"";0;NA;"RS2012060811060080"
"N2000meetnet_Moerassen";"IV2017021515123500";"943826";"Patrik Oosterlynck";"MQ";"A";"Active";"Struc";"structuurschade";"0";"0.0";"";0;NA;"RS2012060811060080"
"N2000meetnet_Moerassen";"IV2017021516164241";"959958";"Patrik Oosterlynck";"MQ";"A";"Active";"Struc";"structuurschade";"0";"0.0";"";0;NA;"RS2012060811060080"
"N2000meetnet_Moerassen";"IV2017021516164241";"959958";"Patrik Oosterlynck";"MQ";"A";"Active";"Bos";"verbossing";"25";"25.0";"";0;NA;"RS2012060811060080"
"N2000meetnet_Moerassen";"IV2017022111070389";"996278";"Patrik Oosterlynck, Remar Erens";"MQ";"A";"Active";"Bos";"verbossing";"0";"0.0";"";0;NA;"RS2012060811060080"
"N2000meetnet_Moerassen";"IV2017022111070389";"996278";"Patrik Oosterlynck, Remar Erens";"MQ";"A";"Active";"Struc";"structuurschade";"30";"30.0";"sporen maaibeheer";0;NA;"RS2012060811060080"
"N2000meetnet_Grasland_BHM";"IV2017112908192809";"1036446";"Indra Jacobs";"MQ";"A";"Active";"Bos";"verbossing";"0";"0.0";"";0;NA;"RS2012060811060080"
"N2000meetnet_Grasland_BHM";"IV2019030510151254";"1037522";"Rémar Erens";"MQ";"A";"Active";"Bos";"verbossing";"0";"0.0";"";0;NA;"RS2012060811060080"
"N2000meetnet_Grasland_BHM";"IV2017120112213868";"1040518";"Indra Jacobs";"MQ";"A";"Active";"Bos";"verbossing";"1";"1.0";"";0;NA;"RS2012060811060080"
"N2000meetnet_Grasland_BHM";"IV2020021916160633";"1068086";"Patrik Oosterlynck";"MQ";"A";"Active";"Bos";"verbossing";"0";"0.0";"";0;NA;"RS2012060811060080"
"N2000meetnet_Grasland_BHM";"IV2018030414484080";"1085366";"Rémar Erens";"MQ";"A";"Active";"Bos";"verbossing";"0-x-1";"0.5";"";0;NA;"RS2012060811060080"
"N2000meetnet_Grasland_BHM";"IV2019030509454267";"1095890";"Rémar Erens";"MQ";"A";"Active";"Bos";"verbossing";"0";"0.0";"";0;NA;"RS2012060811060080"
"N2000meetnet_Grasland_BHM";"IV2019031108122062";"1107666";"Rémar Erens";"MQ";"A";"Active";"Bos";"verbossing";"0";"0.0";"";0;NA;"RS2012060811060080"
"N2000meetnet_Grasland_BHM";"IV2019030510462717";"1135826";"Rémar Erens";"MQ";"A";"Active";"Bos";"verbossing";"0";"0.0";"";0;NA;"RS2012060811060080"
"N2000meetnet_Grasland_BHM";"IV2019010306473673";"1212382";"Indra Jacobs";"MQ";"A";"Active";"Bos";"verbossing";"0";"0.0";"";0;NA;"RS2012060811060080"
"N2000meetnet_Grasland_BHM";"IV2019030506553128";"1217746";"Rémar Erens";"MQ";"A";"Active";"Bos";"verbossing";"0";"0.0";"";0;NA;"RS2012060811060080"
"N2000meetnet_Grasland_BHM";"IV2020021413575834";"12229422";"Patrik Oosterlynck";"MQ";"A";"Active";"Bos";"verbossing";"1";"1.0";"";0;NA;"RS2012060811060080"
"N2000meetnet_Grasland_BHM";"IV2018121815134218";"1249582";"Indra Jacobs";"MQ";"A";"Active";"Bos";"verbossing";"100";"100.0";"";0;NA;"RS2012060811060080"
"N2000meetnet_Grasland_BHM";"IV2019020716030884";"1255122";"Rémar Erens";"MQ";"A";"Active";"Bos";"verbossing";"5";"5.0";"";0;NA;"RS2012060811060080"
"N2000meetnet_Grasland_BHM";"IV2019020809404178";"1269458";"Rémar Erens";"MQ";"A";"Active";"Bos";"verbossing";"0";"0.0";"";0;NA;"RS2012060811060080"
"N2000meetnet_Grasland_BHM";"IV2019010314291141";"1338805";"Indra Jacobs";"MQ";"A";"Active";"Bos";"verbossing";"0";"0.0";"";0;NA;"RS2012060811060080"
"N2000meetnet_Grasland_BHM";"IV2017120107565546";"1348277";"Indra Jacobs";"MQ";"A";"Active";"Bos";"verbossing";"0";"0.0";"";0;NA;"RS2012060811060080"
"N2000meetnet_Grasland_BHM";"IV2019010219160277";"1359838";"Indra Jacobs";"MQ";"A";"Active";"Bos";"verbossing";"0";"0.0";"";0;NA;"RS2012060811060080"
"N2000meetnet_Grasland_BHM";"IV2019021214331564";"1381569";"Indra Jacobs";"MQ";"A";"Active";"Bos";"verbossing";"0";"0.0";"";0;NA;"RS2012060811060080"
"N2000meetnet_Grasland_BHM";"IV2018121216433080";"1392705";"Indra Jacobs";"MQ";"A";"Active";"Bos";"verbossing";"30";"30.0";"";0;NA;"RS2012060811060080"
"N2000meetnet_Grasland_BHM";"IV2020022714073095";"1395766";"Patrik Oosterlynck";"MQ";"A";"Active";"Bos";"verbossing";"0";"0.0";"";0;NA;"RS2012060811060080"
"N2000meetnet_Grasland_BHM";"IV2017120109300668";"1403657";"Indra Jacobs";"MQ";"A";"Active";"Bos";"verbossing";"0";"0.0";"";0;NA;"RS2012060811060080"
"N2000meetnet_Grasland_BHM";"IV2018121816405213";"1409089";"Indra Jacobs";"MQ";"A";"Active";"Bos";"verbossing";"0";"0.0";"";0;NA;"RS2012060811060080"
"N2000meetnet_Grasland_BHM";"IV2019030507344542";"1414354";"Rémar Erens";"MQ";"A";"Active";"Bos";"verbossing";"0";"0.0";"";0;NA;"RS2012060811060080"
"N2000meetnet_Grasland_BHM";"IV2017112913404044";"1428270";"Indra Jacobs";"MQ";"A";"Active";"Bos";"verbossing";"0";"0.0";"";0;NA;"RS2012060811060080"
"N2000meetnet_Grasland_BHM";"IV2018022813474152";"1443378";"Rémar Erens";"MQ";"A";"Active";"Bos";"verbossing";"0";"0.0";"";0;NA;"RS2012060811060080"
"N2000meetnet_Grasland_BHM";"IV2020022713561914";"1457206";"Patrik Oosterlynck";"MQ";"A";"Active";"Bos";"verbossing";"0";"0.0";"";0;NA;"RS2012060811060080"
"N2000meetnet_Grasland_BHM";"IV2019011414351048";"1461001";"Indra Jacobs";"MQ";"A";"Active";"Bos";"verbossing";"0";"0.0";"";0;NA;"RS2012060811060080"
"N2000meetnet_Grasland_BHM";"IV2020022715014341";"1461302";"Patrik Oosterlynck";"MQ";"A";"Active";"Bos";"verbossing";"0";"0.0";"";0;NA;"RS2012060811060080"
"N2000meetnet_Grasland_BHM";"IV2019011414090895";"1547265";"Indra Jacobs";"MQ";"A";"Active";"Bos";"verbossing";"0";"0.0";"";0;NA;"RS2012060811060080"
"N2000meetnet_Grasland_BHM";"IV2019031107334255";"1627010";"Rémar Erens";"MQ";"A";"Active";"Bos";"verbossing";"5";"5.0";"";0;NA;"RS2012060811060080"
"N2000meetnet_Grasland_BHM";"IV2019030512211555";"1634546";"Rémar Erens";"MQ";"A";"Active";"Bos";"verbossing";"1";"1.0";"";0;NA;"RS2012060811060080"
"N2000meetnet_Grasland_BHM";"IV2017112915064012";"1642233";"Indra Jacobs";"MQ";"A";"Active";"Bos";"verbossing";"0";"0.0";"";0;NA;"RS2012060811060080"
"N2000meetnet_Grasland_BHM";"IV2019010208003898";"1642233";"Indra Jacobs";"MQ";"A";"Active";"Bos";"verbossing";"0";"0.0";"";0;NA;"RS2012060811060080"
"N2000meetnet_Grasland_BHM";"IV2017112914094613";"1660950";"Indra Jacobs";"MQ";"A";"Active";"Bos";"verbossing";"0";"0.0";"";0;NA;"RS2012060811060080"
"N2000meetnet_Grasland_BHM";"IV2019010315193502";"1667357";"Indra Jacobs";"MQ";"A";"Active";"Bos";"verbossing";"0";"0.0";"";0;NA;"RS2012060811060080"
"N2000meetnet_Grasland_BHM";"IV2019010314170327";"1715637";"Indra Jacobs";"MQ";"A";"Active";"Bos";"verbossing";"0";"0.0";"";0;NA;"RS2012060811060080"
"N2000meetnet_Grasland_BHM";"IV2020022017031551";"1723446";"Patrik Oosterlynck";"MQ";"A";"Active";"Bos";"verbossing";"0";"0.0";"";0;NA;"RS2012060811060080"
"N2000meetnet_Grasland_BHM";"IV2019011412165950";"1750129";"Indra Jacobs";"MQ";"A";"Active";"Bos";"verbossing";"0";"0.0";"";0;NA;"RS2012060811060080"
"N2000meetnet_Grasland_BHM";"IV2019010311595752";"1785525";"Indra Jacobs";"MQ";"A";"Active";"Bos";"verbossing";"0";"0.0";"";0;NA;"RS2012060811060080"
"N2000meetnet_Grasland_BHM";"IV2019010312332852";"1830581";"Indra Jacobs";"MQ";"A";"Active";"Bos";"verbossing";"0";"0.0";"";0;NA;"RS2012060811060080"
"N2000meetnet_Grasland_BHM";"IV2019010313212559";"1872565";"Indra Jacobs";"MQ";"A";"Active";"Bos";"verbossing";"0";"0.0";"";0;NA;"RS2012060811060080"
"N2000meetnet_Grasland_BHM";"IV2018121815572118";"1887022";"Indra Jacobs";"MQ";"A";"Active";"Bos";"verbossing";"0";"0.0";"";0;NA;"RS2012060811060080"
"N2000meetnet_Grasland_BHM";"IV2019010312545285";"1928193";"Indra Jacobs";"MQ";"A";"Active";"Bos";"verbossing";"0";"0.0";"";0;NA;"RS2012060811060080"
"N2000meetnet_Grasland_BHM";"IV2019010314442127";"1936821";"Indra Jacobs";"MQ";"A";"Active";"Bos";"verbossing";"0";"0.0";"";0;NA;"RS2012060811060080"
"N2000meetnet_Grasland_BHM";"IV2019010314572854";"1945013";"Indra Jacobs";"MQ";"A";"Active";"Bos";"verbossing";"0";"0.0";"";0;NA;"RS2012060811060080"
"N2000meetnet_Grasland_BHM";"IV2018030511543075";"2133926";"Rémar Erens";"MQ";"A";"Active";"Bos";"verbossing";"2";"2.0";"";0;NA;"RS2012060811060080"
"N2000meetnet_Grasland_BHM";"IV2018030513285216";"2264998";"Rémar Erens";"MQ";"A";"Active";"Bos";"verbossing";"10";"10.0";"";0;NA;"RS2012060811060080"
"N2000meetnet_Grasland_BHM";"IV2017120111560343";"2334854";"Indra Jacobs";"MQ";"A";"Active";"Bos";"verbossing";"0";"0.0";"";0;NA;"RS2012060811060080"
"N2000meetnet_Grasland_BHM";"IV2019010308222329";"2447382";"Indra Jacobs";"MQ";"A";"Active";"Bos";"verbossing";"15";"15.0";"";0;NA;"RS2012060811060080"
"N2000meetnet_Grasland_BHM";"IV2019012513495405";"2637569";"Indra Jacobs, Frank Van Oost";"MQ";"A";"Active";"Bos";"verbossing";"0";"0.0";"";0;NA;"RS2012060811060080"
"N2000meetnet_Grasland_BHM";"IV2017120113271520";"2813697";"Indra Jacobs";"MQ";"A";"Active";"Bos";"verbossing";"60";"60.0";"";0;NA;"RS2012060811060080"
"N2000meetnet_Grasland_BHM";"IV2018121813400651";"2981953";"Indra Jacobs";"MQ";"A";"Active";"Bos";"verbossing";"100";"100.0";"";0;NA;"RS2012060811060080"
"N2000meetnet_Grasland_BHM";"IV2017120108515000";"299701";"Indra Jacobs";"MQ";"A";"Active";"Bos";"verbossing";"0";"0.0";"";0;NA;"RS2012060811060080"
"N2000meetnet_Grasland_BHM";"IV2018121814434064";"3002670";"Indra Jacobs";"MQ";"A";"Active";"Bos";"verbossing";"0";"0.0";"";0;NA;"RS2012060811060080"
"N2000meetnet_Grasland_BHM";"IV2019030514081723";"3013714";"Rémar Erens";"MQ";"A";"Active";"Bos";"verbossing";"1";"1.0";"";0;NA;"RS2012060811060080"
"N2000meetnet_Grasland_BHM";"IV2018030417514439";"309458";"Rémar Erens";"MQ";"A";"Active";"Bos";"verbossing";"0-x-1";"0.5";"";0;NA;"RS2012060811060080"
"N2000meetnet_Grasland_BHM";"IV2019010209232641";"3134649";"Indra Jacobs";"MQ";"A";"Active";"Bos";"verbossing";"10";"10.0";"";0;NA;"RS2012060811060080"
"N2000meetnet_Grasland_BHM";"IV2019022510115965";"3273046";"Rémar Erens";"MQ";"A";"Active";"Bos";"verbossing";"0";"0.0";"";0;NA;"RS2012060811060080"
"N2000meetnet_Grasland_BHM";"IV2019030514525522";"3275858";"Rémar Erens";"MQ";"A";"Active";"Bos";"verbossing";"0";"0.0";"";0;NA;"RS2012060811060080"
"N2000meetnet_Grasland_BHM";"IV2018030221003731";"332786";"Rémar Erens";"MQ";"A";"Active";"Bos";"verbossing";"0";"0.0";"";0;NA;"RS2012060811060080"
"N2000meetnet_Grasland_BHM";"IV2019031509012165";"3351638";"Rémar Erens";"MQ";"A";"Active";"Bos";"verbossing";"15";"15.0";"";0;NA;"RS2012060811060080"
"N2000meetnet_Grasland_BHM";"IV2019022714201370";"3405958";"Rémar Erens";"MQ";"A";"Active";"Bos";"verbossing";"0";"0.0";"";0;NA;"RS2012060811060080"
"N2000meetnet_Grasland_BHM";"IV2019022009580729";"3424742";"Rémar Erens";"MQ";"A";"Active";"Bos";"verbossing";"2";"2.0";"";0;NA;"RS2012060811060080"
"N2000meetnet_Grasland_BHM";"IV2019010307000537";"3456990";"Indra Jacobs";"MQ";"A";"Active";"Bos";"verbossing";"2";"2.0";"";0;NA;"RS2012060811060080"
"N2000meetnet_Grasland_BHM";"IV2019022514042696";"3600726";"Rémar Erens";"MQ";"A";"Active";"Bos";"verbossing";"0";"0.0";"";0;NA;"RS2012060811060080"
"N2000meetnet_Grasland_BHM";"IV2018030514502970";"3734950";"Rémar Erens";"MQ";"A";"Active";"Bos";"verbossing";"0";"0.0";"";0;NA;"RS2012060811060080"
"N2000meetnet_Grasland_BHM";"IV2020022714231094";"412726";"Patrik Oosterlynck";"MQ";"A";"Active";"Bos";"verbossing";"0";"0.0";"";0;NA;"RS2012060811060080"
"N2000meetnet_Grasland_BHM";"IV2019020811552696";"4576306";"Rémar Erens";"MQ";"A";"Active";"Bos";"verbossing";"0";"0.0";"";0;NA;"RS2012060811060080"
"N2000meetnet_Grasland_BHM";"IV2017120111214650";"4599942";"Indra Jacobs";"MQ";"A";"Active";"Bos";"verbossing";"0";"0.0";"";0;NA;"RS2012060811060080"
"N2000meetnet_Grasland_BHM";"IV2019020910455730";"480306";"Rémar Erens";"MQ";"A";"Active";"Bos";"verbossing";"0";"0.0";"";0;NA;"RS2012060811060080"
"N2000meetnet_Grasland_BHM";"IV2018030509282854";"5253462";"Rémar Erens";"MQ";"A";"Active";"Bos";"verbossing";"0";"0.0";"";0;NA;"RS2012060811060080"
"N2000meetnet_Grasland_BHM";"IV2019012515324710";"5408201";"Indra Jacobs";"MQ";"A";"Active";"Bos";"verbossing";"0";"0.0";"";0;NA;"RS2012060811060080"
"N2000meetnet_Grasland_BHM";"IV2018030711143521";"5624882";"Rémar Erens";"MQ";"A";"Active";"Bos";"verbossing";"0";"0.0";"";0;NA;"RS2012060811060080"
"N2000meetnet_Grasland_BHM";"IV2018030610544440";"5630310";"Rémar Erens";"MQ";"A";"Active";"Bos";"verbossing";"0";"0.0";"";0;NA;"RS2012060811060080"
"N2000meetnet_Grasland_BHM";"IV2018030712002428";"589698";"Rémar Erens";"MQ";"A";"Active";"Bos";"verbossing";"1";"1.0";"";0;NA;"RS2012060811060080"
"N2000meetnet_Grasland_BHM";"IV2018082407540429";"6102322";"Rémar Erens";"MQ";"A";"Active";"Bos";"verbossing";"0";"0.0";"";0;NA;"RS2012060811060080"
"N2000meetnet_Grasland_BHM";"IV2017113010285455";"6194105";"Indra Jacobs";"MQ";"A";"Active";"Bos";"verbossing";"0";"0.0";"";0;NA;"RS2012060811060080"
"N2000meetnet_Grasland_BHM";"IV2019021914301511";"6213542";"Rémar Erens";"MQ";"A";"Active";"Bos";"verbossing";"0";"0.0";"";0;NA;"RS2012060811060080"
"N2000meetnet_Grasland_BHM";"IV2019021912262072";"6509618";"Rémar Erens";"MQ";"A";"Active";"Bos";"verbossing";"0";"0.0";"";0;NA;"RS2012060811060080"
"N2000meetnet_Grasland_BHM";"IV2019021809433664";"6528306";"Rémar Erens";"MQ";"A";"Active";"Bos";"verbossing";"0";"0.0";"";0;NA;"RS2012060811060080"
"N2000meetnet_Grasland_BHM";"IV2019022610090643";"6529158";"Rémar Erens";"MQ";"A";"Active";"Bos";"verbossing";"0";"0.0";"";0;NA;"RS2012060811060080"
"N2000meetnet_Grasland_BHM";"IV2019010218580676";"6549737";"Indra Jacobs";"MQ";"A";"Active";"Bos";"verbossing";"0";"0.0";"";0;NA;"RS2012060811060080"
"N2000meetnet_Grasland_BHM";"IV2019012509053642";"6572681";"Indra Jacobs";"MQ";"A";"Active";"Bos";"verbossing";"20";"20.0";"";0;NA;"RS2012060811060080"
"N2000meetnet_Grasland_BHM";"IV2019010309035047";"6630337";"Indra Jacobs";"MQ";"A";"Active";"Bos";"verbossing";"0";"0.0";"";0;NA;"RS2012060811060080"
"N2000meetnet_Grasland_BHM";"IV2017113008452613";"6645958";"Indra Jacobs";"MQ";"A";"Active";"Bos";"verbossing";"0";"0.0";"";0;NA;"RS2012060811060080"
"N2000meetnet_Grasland_BHM";"IV2019010218340961";"6770678";"Indra Jacobs";"MQ";"A";"Active";"Bos";"verbossing";"0";"0.0";"";0;NA;"RS2012060811060080"
"N2000meetnet_Grasland_BHM";"IV2019010216252659";"6792238";"Indra Jacobs";"MQ";"A";"Active";"Bos";"verbossing";"0";"0.0";"";0;NA;"RS2012060811060080"
"N2000meetnet_Grasland_BHM";"IV2018030714024007";"6948370";"Rémar Erens";"MQ";"A";"Active";"Bos";"verbossing";"0";"0.0";"";0;NA;"RS2012060811060080"
"N2000meetnet_Grasland_BHM";"IV2018122009151922";"6986542";"Indra Jacobs";"MQ";"A";"Active";"Bos";"verbossing";"10";"10.0";"";0;NA;"RS2012060811060080"
"N2000meetnet_Grasland_BHM";"IV2018030614095561";"7203174";"Rémar Erens";"MQ";"A";"Active";"Bos";"verbossing";"0";"0.0";"";0;NA;"RS2012060811060080"
"N2000meetnet_Grasland_BHM";"IV2019020612581446";"7394534";"Rémar Erens";"MQ";"A";"Active";"Bos";"verbossing";"12";"12.0";"";0;NA;"RS2012060811060080"
"N2000meetnet_Grasland_BHM";"IV2019010309332746";"7678913";"Indra Jacobs";"MQ";"A";"Active";"Bos";"verbossing";"0";"0.0";"";0;NA;"RS2012060811060080"
"N2000meetnet_Grasland_BHM";"IV2018030715412818";"783954";"Rémar Erens";"MQ";"A";"Active";"Bos";"verbossing";"26";"26.0";"";0;NA;"RS2012060811060080"
"N2000meetnet_Grasland_BHM";"IV2020021413283257";"7929558";"Patrik Oosterlynck";"MQ";"A";"Active";"Bos";"verbossing";"0";"0.0";"";0;NA;"RS2012060811060080"
"N2000meetnet_Grasland_BHM";"IV2020022714453255";"805942";"Patrik Oosterlynck, Remar Erens";"MQ";"A";"Active";"Bos";"verbossing";"0";"0.0";"";0;NA;"RS2012060811060080"
"N2000meetnet_Grasland_BHM";"IV2017120114521398";"8158406";"Indra Jacobs";"MQ";"A";"Active";"Bos";"verbossing";"0";"0.0";"";0;NA;"RS2012060811060080"
"N2000meetnet_Grasland_BHM";"IV2018121811574327";"81985";"Indra Jacobs";"MQ";"A";"Active";"Bos";"verbossing";"0";"0.0";"";0;NA;"RS2012060811060080"
"N2000meetnet_Grasland_BHM";"IV2019020714420536";"8220722";"Rémar Erens";"MQ";"A";"Active";"Bos";"verbossing";"0";"0.0";"";0;NA;"RS2012060811060080"
"N2000meetnet_Grasland_BHM";"IV2017112912245580";"823129";"Indra Jacobs";"MQ";"A";"Active";"Bos";"verbossing";"1";"1.0";"";0;NA;"RS2012060811060080"
"N2000meetnet_Grasland_BHM";"IV2019022114385849";"8363961";"Indra Jacobs";"MQ";"A";"Active";"Bos";"verbossing";"0";"0.0";"";0;NA;"RS2012060811060080"
"N2000meetnet_Grasland_BHM";"IV2019020609412094";"8705254";"Rémar Erens";"MQ";"A";"Active";"Bos";"verbossing";"7";"7.0";"";0;NA;"RS2012060811060080"
"N2000meetnet_Grasland_BHM";"IV2019021909195430";"9131058";"Rémar Erens";"MQ";"A";"Active";"Bos";"verbossing";"0";"0.0";"";0;NA;"RS2012060811060080"
"N2000meetnet_Grasland_BHM";"IV2019010215101106";"9189270";"Indra Jacobs";"MQ";"A";"Active";"Bos";"verbossing";"0";"0.0";"";0;NA;"RS2012060811060080"
"N2000meetnet_Grasland_BHM";"IV2020022715151720";"937014";"Patrik Oosterlynck, Remar Erens";"MQ";"A";"Active";"Bos";"verbossing";"0";"0.0";"";0;NA;"RS2012060811060080"
"N2000meetnet_Grasland_BHM";"IV2019020810390261";"9655346";"Rémar Erens";"MQ";"A";"Active";"Bos";"verbossing";"0";"0.0";"";0;NA;"RS2012060811060080"
"N2000meetnet_Grasland_BHM";"IV2018030416111323";"983990";"Rémar Erens";"MQ";"A";"Active";"Bos";"verbossing";"0";"0.0";"";0;NA;"RS2012060811060080"
"N2000meetnet_Moeras_BHM";"IV2019020510392459";"107830";"Rémar Erens";"MQ";"A";"Active";"Bos";"verbossing";"0";"0.0";"";0;NA;"RS2012060811060080"
"N2000meetnet_Moeras_BHM";"IV2019020510392459";"107830";"Rémar Erens";"MQ";"A";"Active";"Struc";"structuurschade";"0";"0.0";"";0;NA;"RS2012060811060080"
"N2000meetnet_Moeras_BHM";"IV2018030719161925";"1140434";"Rémar Erens";"MQ";"A";"Active";"Struc";"structuurschade";"0";"0.0";"";0;NA;"RS2012060811060080"
"N2000meetnet_Moeras_BHM";"IV2018030719161925";"1140434";"Rémar Erens";"MQ";"A";"Active";"Bos";"verbossing";"0";"0.0";"";0;NA;"RS2012060811060080"
"N2000meetnet_Moeras_BHM";"IV2019020120070464";"1258422";"Rémar Erens";"MQ";"A";"Active";"Struc";"structuurschade";"1";"1.0";"";0;NA;"RS2012060811060080"
"N2000meetnet_Moeras_BHM";"IV2019020120070464";"1258422";"Rémar Erens";"MQ";"A";"Active";"Bos";"verbossing";"0";"0.0";"";0;NA;"RS2012060811060080"
"N2000meetnet_Moeras_BHM";"IV2019010407172748";"1322614";"Indra Jacobs";"MQ";"A";"Active";"Bos";"verbossing";"1";"1.0";"";0;NA;"RS2012060811060080"
"N2000meetnet_Moeras_BHM";"IV2019010407172748";"1322614";"Indra Jacobs";"MQ";"A";"Active";"Struc";"structuurschade";"0";"0.0";"";0;NA;"RS2012060811060080"
"N2000meetnet_Moeras_BHM";"IV2018031009120638";"1367026";"Rémar Erens";"MQ";"A";"Active";"Bos";"verbossing";"5";"5.0";"";0;NA;"RS2012060811060080"
"N2000meetnet_Moeras_BHM";"IV2018031009120638";"1367026";"Rémar Erens";"MQ";"A";"Active";"Struc";"structuurschade";"0";"0.0";"";0;NA;"RS2012060811060080"
"N2000meetnet_Moeras_BHM";"IV2018030719311738";"1468114";"Rémar Erens";"MQ";"A";"Active";"Struc";"structuurschade";"0";"0.0";"";0;NA;"RS2012060811060080"
"N2000meetnet_Moeras_BHM";"IV2018030719311738";"1468114";"Rémar Erens";"MQ";"A";"Active";"Bos";"verbossing";"0";"0.0";"";0;NA;"RS2012060811060080"
"N2000meetnet_Moeras_BHM";"IV2019010406260429";"1498102";"Indra Jacobs";"MQ";"A";"Active";"Struc";"structuurschade";"0";"0.0";"";0;NA;"RS2012060811060080"
"N2000meetnet_Moeras_BHM";"IV2019010406260429";"1498102";"Indra Jacobs";"MQ";"A";"Active";"Bos";"verbossing";"1";"1.0";"";0;NA;"RS2012060811060080"
"N2000meetnet_Moeras_BHM";"IV2019020512391292";"1512886";"Rémar Erens";"MQ";"A";"Active";"Bos";"verbossing";"5";"5.0";"";0;NA;"RS2012060811060080"
"N2000meetnet_Moeras_BHM";"IV2019020512391292";"1512886";"Rémar Erens";"MQ";"A";"Active";"Struc";"structuurschade";"0";"0.0";"";0;NA;"RS2012060811060080"
"N2000meetnet_Moeras_BHM";"IV2018031015311631";"1576886";"Rémar Erens";"MQ";"A";"Active";"Bos";"verbossing";"0";"0.0";"";0;NA;"RS2012060811060080"
"N2000meetnet_Moeras_BHM";"IV2018031015311631";"1576886";"Rémar Erens";"MQ";"A";"Active";"Struc";"structuurschade";"0";"0.0";"";0;NA;"RS2012060811060080"
"N2000meetnet_Moeras_BHM";"IV2019010406472400";"1677870";"Indra Jacobs";"MQ";"A";"Active";"Struc";"structuurschade";"0";"0.0";"";0;NA;"RS2012060811060080"
"N2000meetnet_Moeras_BHM";"IV2019010406472400";"1677870";"Indra Jacobs";"MQ";"A";"Active";"Bos";"verbossing";"55";"55.0";"";0;NA;"RS2012060811060080"
"N2000meetnet_Moeras_BHM";"IV2019013112081884";"1761206";"Rémar Erens";"MQ";"A";"Active";"Bos";"verbossing";"0";"0.0";"";0;NA;"RS2012060811060080"
"N2000meetnet_Moeras_BHM";"IV2019013112081884";"1761206";"Rémar Erens";"MQ";"A";"Active";"Struc";"structuurschade";"0";"0.0";"";0;NA;"RS2012060811060080"
"N2000meetnet_Moeras_BHM";"IV2019020415303598";"1766326";"Rémar Erens";"MQ";"A";"Active";"Bos";"verbossing";"3";"3.0";"";0;NA;"RS2012060811060080"
"N2000meetnet_Moeras_BHM";"IV2019010911142819";"1829622";"Indra Jacobs, Patrik Oosterlynck";"MQ";"A";"Active";"Bos";"verbossing";"0";"0.0";"";0;NA;"RS2012060811060080"
"N2000meetnet_Moeras_BHM";"IV2019010911142819";"1829622";"Indra Jacobs, Patrik Oosterlynck";"MQ";"A";"Active";"Struc";"structuurschade";"0";"0.0";"";0;NA;"RS2012060811060080"
"N2000meetnet_Moeras_BHM";"IV2019020509150134";"1839666";"Rémar Erens";"MQ";"A";"Active";"Bos";"verbossing";"0-x-1";"0.5";"";0;NA;"RS2012060811060080"
"N2000meetnet_Moeras_BHM";"IV2019020111131657";"1913782";"Rémar Erens";"MQ";"A";"Active";"Bos";"verbossing";"0";"0.0";"";0;NA;"RS2012060811060080"
"N2000meetnet_Moeras_BHM";"IV2019010408021541";"1927030";"Indra Jacobs";"MQ";"A";"Active";"Bos";"verbossing";"30";"30.0";"";0;NA;"RS2012060811060080"
"N2000meetnet_Moeras_BHM";"IV2019010408021541";"1927030";"Indra Jacobs";"MQ";"A";"Active";"Struc";"structuurschade";"10";"10.0";"";0;NA;"RS2012060811060080"
"N2000meetnet_Moeras_BHM";"IV2019010315434974";"2011870";"Indra Jacobs";"MQ";"A";"Active";"Bos";"verbossing";"0";"0.0";"";0;NA;"RS2012060811060080"
"N2000meetnet_Moeras_BHM";"IV2019010315434974";"2011870";"Indra Jacobs";"MQ";"A";"Active";"Struc";"structuurschade";"0";"0.0";"";0;NA;"RS2012060811060080"
"N2000meetnet_Moeras_BHM";"IV2020021210415831";"2056822";"Patrik Oosterlynck, Remar Erens";"MQ";"A";"Active";"Struc";"structuurschade";"0";"0.0";"";0;NA;"RS2012060811060080"
"N2000meetnet_Moeras_BHM";"IV2020021210415831";"2056822";"Patrik Oosterlynck, Remar Erens";"MQ";"A";"Active";"Bos";"verbossing";"50";"50.0";"";0;NA;"RS2012060811060080"
"N2000meetnet_Moeras_BHM";"IV2020021211314188";"2130550";"Patrik Oosterlynck, Remar Erens";"MQ";"A";"Active";"Struc";"structuurschade";"0";"0.0";"";0;NA;"RS2012060811060080"
"N2000meetnet_Moeras_BHM";"IV2020021211314188";"2130550";"Patrik Oosterlynck, Remar Erens";"MQ";"A";"Active";"Bos";"verbossing";"0";"0.0";"";0;NA;"RS2012060811060080"
"N2000meetnet_Moeras_BHM";"IV2020021212123304";"2136622";"Patrik Oosterlynck";"MQ";"A";"Active";"Struc";"structuurschade";"0";"0.0";"";0;NA;"RS2012060811060080"
"N2000meetnet_Moeras_BHM";"IV2020021212123304";"2136622";"Patrik Oosterlynck";"MQ";"A";"Active";"Bos";"verbossing";"3";"3.0";"";0;NA;"RS2012060811060080"
"N2000meetnet_Moeras_BHM";"IV2018031010111411";"222518";"Rémar Erens";"MQ";"A";"Active";"Bos";"verbossing";"0";"0.0";"";0;NA;"RS2012060811060080"
"N2000meetnet_Moeras_BHM";"IV2018031010111411";"222518";"Rémar Erens";"MQ";"A";"Active";"Struc";"structuurschade";"0";"0.0";"";0;NA;"RS2012060811060080"
"N2000meetnet_Moeras_BHM";"IV2020020718203772";"2318966";"Patrik Oosterlynck, Remar Erens";"MQ";"A";"Active";"Struc";"structuurschade";"0";"0.0";"";0;NA;"RS2012060811060080"
"N2000meetnet_Moeras_BHM";"IV2020020718203772";"2318966";"Patrik Oosterlynck, Remar Erens";"MQ";"A";"Active";"Bos";"verbossing";"70";"70.0";"";0;NA;"RS2012060811060080"
"N2000meetnet_Moeras_BHM";"IV2020021416312620";"2500918";"Patrik Oosterlynck";"MQ";"A";"Active";"Bos";"verbossing";"0";"0.0";"";0;NA;"RS2012060811060080"
"N2000meetnet_Moeras_BHM";"IV2018031112563585";"369974";"Rémar Erens";"MQ";"A";"Active";"Bos";"verbossing";"3";"3.0";"";0;NA;"RS2012060811060080"
"N2000meetnet_Moeras_BHM";"IV2018031112563585";"369974";"Rémar Erens";"MQ";"A";"Active";"Struc";"structuurschade";"0";"0.0";"";0;NA;"RS2012060811060080"
"N2000meetnet_Moeras_BHM";"IV2020021915563894";"4370774";"Patrik Oosterlynck";"MQ";"A";"Active";"Struc";"structuurschade";"0";"0.0";"";0;NA;"RS2012060811060080"
"N2000meetnet_Moeras_BHM";"IV2020021915563894";"4370774";"Patrik Oosterlynck";"MQ";"A";"Active";"Bos";"verbossing";"0";"0.0";"";0;NA;"RS2012060811060080"
"N2000meetnet_Moeras_BHM";"IV2018031108343898";"471990";"Rémar Erens";"MQ";"A";"Active";"Struc";"structuurschade";"0";"0.0";"";0;NA;"RS2012060811060080"
"N2000meetnet_Moeras_BHM";"IV2018031108343898";"471990";"Rémar Erens";"MQ";"A";"Active";"Bos";"verbossing";"40";"40.0";"";0;NA;"RS2012060811060080"
"N2000meetnet_Moeras_BHM";"IV2018031113221134";"717750";"Rémar Erens";"MQ";"A";"Active";"Struc";"structuurschade";"0";"0.0";"";0;NA;"RS2012060811060080"
"N2000meetnet_Moeras_BHM";"IV2018031113221134";"717750";"Rémar Erens";"MQ";"A";"Active";"Bos";"verbossing";"0";"0.0";"";0;NA;"RS2012060811060080"
