"recording_givid";"location_code";"layer_code";"cover_code"
"IV2017010510420097";"Weelde";"K";"70"
"IV2017010510420097";"Weelde";"MO";"80"
"IV2017010510420097";"Weelde";"NB";"10"
"IV2017010511152189";"Weelde";"K";"75"
"IV2017010511152189";"Weelde";"MO";"90"
"IV2017010511460749";"Weelde";"K";"60"
"IV2017010511460749";"Weelde";"MO";"90"
"IV2017010512181008";"Weelde";"K";"60"
"IV2017010512181008";"Weelde";"MO";"90"
"IV2017010609200485";"Lissewege (& Zeebrugge)";"K";"75"
"IV2017010609200485";"Lissewege (& Zeebrugge)";"NB";"25"
"IV2017010609352959";"Lissewege (& Zeebrugge)";"K";"75"
"IV2017010609352959";"Lissewege (& Zeebrugge)";"NB";"25"
"IV2017010610523940";"Uitkerke";"K";"70"
"IV2017010610523940";"Uitkerke";"MO";"1"
"IV2017010610523940";"Uitkerke";"NB";"30"
"IV2017010611111454";"Neeroeteren";"K";"85"
"IV2017010611111454";"Neeroeteren";"MO";"5"
"IV2017010611111454";"Neeroeteren";"NB";"10"
"IV2017010611111454";"Neeroeteren";"S";"20"
"IV2017010611111454";"Neeroeteren";"STR";"1"
"IV2017010612064228";"Uitkerke";"K";"60"
"IV2017010612064228";"Uitkerke";"MO";"1"
"IV2017010612064228";"Uitkerke";"NB";"40"
"IV2017010612172361";"Vlissegem";"K";"60"
"IV2017010612172361";"Vlissegem";"NB";"40"
"IV2017010612593713";"Vlissegem";"K";"60"
"IV2017010612593713";"Vlissegem";"NB";"40"
"IV2017010613221989";"Neeroeteren";"K";"80"
"IV2017010613221989";"Neeroeteren";"MO";"6"
"IV2017010613221989";"Neeroeteren";"NB";"15"
"IV2017010613221989";"Neeroeteren";"STR";"0"
"IV2017010613314127";"Vlissegem";"K";"90"
"IV2017010613314127";"Vlissegem";"NB";"10"
"IV2017010613424129";"Vlissegem";"K";"80"
"IV2017010613424129";"Vlissegem";"NB";"20"
"IV2017010616345212";"Lissewege (& Zeebrugge)";"K";"95"
"IV2017010616345212";"Lissewege (& Zeebrugge)";"MO";"1"
"IV2017010616345212";"Lissewege (& Zeebrugge)";"NB";"4"
"IV2017010616415877";"Lissewege";"K";"95"
"IV2017010616415877";"Lissewege";"NB";"5"
"IV2017010616490548";"Molenstede";"K";"98"
"IV2017010616490548";"Molenstede";"MO";"2"
"IV2017010616490548";"Molenstede";"STR";"2"
"IV2017010616530182";"Lissewege (& Zeebrugge)";"K";"80"
"IV2017010616530182";"Lissewege (& Zeebrugge)";"NB";"20"
"IV2017010617002129";"Lissewege";"K";"60"
"IV2017010617002129";"Lissewege";"NB";"40"
"IV2017010617095027";"Lissewege (& Zeebrugge)";"K";"70"
"IV2017010617095027";"Lissewege (& Zeebrugge)";"NB";"30"
"IV2017010617095027";"Lissewege (& Zeebrugge)";"STR";"5"
"IV2017010617191621";"Lissewege";"K";"60"
"IV2017010617191621";"Lissewege";"NB";"40"
"IV2017010617191621";"Lissewege";"STR";"10"
"IV2017010617282387";"Lissewege (& Zeebrugge)";"K";"70"
"IV2017010617282387";"Lissewege (& Zeebrugge)";"MO";"1"
"IV2017010617282387";"Lissewege (& Zeebrugge)";"NB";"30"
"IV2017010617362713";"Lissewege";"K";"95"
"IV2017010617362713";"Lissewege";"NB";"5"
"IV2017010617430082";"Oudenburg";"K";"95"
"IV2017010617430082";"Oudenburg";"MO";"10"
"IV2017010617430082";"Oudenburg";"NB";"5"
"IV2017010617551993";"Molenstede";"K";"98"
"IV2017010617551993";"Molenstede";"MO";"3"
"IV2017010617551993";"Molenstede";"NB";"0"
"IV2017010617551993";"Molenstede";"STR";"1"
"IV2017010618013747";"Oudenburg";"K";"95"
"IV2017010618013747";"Oudenburg";"MO";"10"
"IV2017010618013747";"Oudenburg";"NB";"5"
"IV2017010618124978";"Dudzele";"K";"90"
"IV2017010618124978";"Dudzele";"NB";"10"
"IV2017010618211064";"Dudzele";"K";"99"
"IV2017010618211064";"Dudzele";"NB";"1"
"IV2017010618292802";"Lissewege (& Zeebrugge)";"K";"70"
"IV2017010618292802";"Lissewege (& Zeebrugge)";"MO";"1"
"IV2017010618292802";"Lissewege (& Zeebrugge)";"NB";"30"
"IV2017010618363706";"Lissewege (& Zeebrugge)";"K";"70"
"IV2017010618363706";"Lissewege (& Zeebrugge)";"NB";"30"
"IV2017010618405531";"Dudzele";"K";"70"
"IV2017010618405531";"Dudzele";"NB";"30"
"IV2017010618503780";"Dudzele";"K";"70"
"IV2017010618503780";"Dudzele";"NB";"30"
"IV2017010910225147";"Gierle";NA;NA
"IV2017010910241756";"Gierle";"K";"70"
"IV2017010910241756";"Gierle";"MO";"80"
"IV2017010910241756";"Gierle";"NB";"5"
"IV2017010910241756";"Gierle";"STR";"2"
"IV2017010911112595";"Molenstede";"K";"99"
"IV2017010911112595";"Molenstede";"MO";"20"
"IV2017010911112595";"Molenstede";"NB";"1"
"IV2017010911343112";"Molenstede";"K";"98"
"IV2017010911343112";"Molenstede";"MO";"30"
"IV2017010911343112";"Molenstede";"NB";"2"
"IV2017010915000761";"Beernem";"K";"60"
"IV2017010915000761";"Beernem";"MO";"70"
"IV2017010915000761";"Beernem";"NB";"1"
"IV2017010916362743";"Beernem";"K";"60"
"IV2017010916362743";"Beernem";"MO";"70"
"IV2017010916362743";"Beernem";"NB";"1"
"IV2017010922050123";"Beernem";"K";"70"
"IV2017010922050123";"Beernem";"MO";"40"
"IV2017010922050123";"Beernem";"NB";"5"
"IV2017010922225486";"Beernem";"K";"70"
"IV2017010922225486";"Beernem";"MO";"40"
"IV2017010922225486";"Beernem";"NB";"5"
"IV2017011212263384";"Maasmechelen (F)";"K";"75"
"IV2017011212263384";"Maasmechelen (F)";"MO";"2"
"IV2017011212263384";"Maasmechelen (F)";"NB";"20"
"IV2017011212263384";"Maasmechelen (F)";"STR";"3"
"IV2017011212535658";"Uitkerke";"K";"60"
"IV2017011212535658";"Uitkerke";"NB";"40"
"IV2017011214394174";"Uitkerke";"K";"85"
"IV2017011214394174";"Uitkerke";"NB";"15"
"IV2017011215122813";"Maasmechelen (F)";"K";"75"
"IV2017011215122813";"Maasmechelen (F)";"MO";"2"
"IV2017011215122813";"Maasmechelen (F)";"NB";"20"
"IV2017011215122813";"Maasmechelen (F)";"STR";"3"
"IV2017011215162577";"Uitkerke";"K";"85"
"IV2017011215162577";"Uitkerke";"MO";"1"
"IV2017011215162577";"Uitkerke";"NB";"15"
"IV2017011215184680";"Uitkerke";"K";"95"
"IV2017011215184680";"Uitkerke";"NB";"5"
"IV2017011215302636";"Uitkerke";"K";"60"
"IV2017011215302636";"Uitkerke";"MO";"1"
"IV2017011215302636";"Uitkerke";"NB";"40"
"IV2017011215475751";"Uitkerke";"K";"20"
"IV2017011215475751";"Uitkerke";"NB";"80"
"IV2017011215545335";"Ettelgem";"K";"70"
"IV2017011215545335";"Ettelgem";"NB";"30"
"IV2017011216070022";"Ettelgem";"K";"70"
"IV2017011216070022";"Ettelgem";"NB";"30"
"IV2017011312251730";"Maasmechelen (F)";"B";"4"
"IV2017011312251730";"Maasmechelen (F)";"K";"90"
"IV2017011312251730";"Maasmechelen (F)";"MO";"20"
"IV2017011312251730";"Maasmechelen (F)";"NB";"2"
"IV2017011312251730";"Maasmechelen (F)";"STR";"5"
"IV2017011812094287";"Maasmechelen (F)";"K";"90"
"IV2017011812094287";"Maasmechelen (F)";"MO";"20"
"IV2017011812094287";"Maasmechelen (F)";"NB";"2"
"IV2017011812094287";"Maasmechelen (F)";"STR";"5"
"IV2017011813083530";"Maasmechelen (F)";"K";"80"
"IV2017011813083530";"Maasmechelen (F)";"MO";"90"
"IV2017011813083530";"Maasmechelen (F)";"NB";"2"
"IV2017011813083530";"Maasmechelen (F)";"STR";"1"
"IV2017011813535331";"Maasmechelen (F)";"K";"85"
"IV2017011813535331";"Maasmechelen (F)";"MO";"85"
"IV2017011813535331";"Maasmechelen (F)";"STR";"1"
"IV2017011814163232";"Maasmechelen (F)";"K";"80"
"IV2017011814163232";"Maasmechelen (F)";"MO";"70"
"IV2017011814163232";"Maasmechelen (F)";"NB";"25"
"IV2017011814163232";"Maasmechelen (F)";"S";"1"
"IV2017011814163232";"Maasmechelen (F)";"STR";"5"
"IV2017011816230130";"Maasmechelen (F)";"K";"85"
"IV2017011816230130";"Maasmechelen (F)";"MO";"75"
"IV2017011816230130";"Maasmechelen (F)";"NB";"1"
"IV2017011816230130";"Maasmechelen (F)";"STR";"5"
"IV2017011816484258";"Houthalen-Helchteren";"B";"3"
"IV2017011816484258";"Houthalen-Helchteren";"K";"98"
"IV2017011816484258";"Houthalen-Helchteren";"MO";"4"
"IV2017011816484258";"Houthalen-Helchteren";"STR";"3"
"IV2017011817212208";"Houthalen-Helchteren";"K";"97"
"IV2017011817212208";"Houthalen-Helchteren";"MO";"2"
"IV2017011817212208";"Houthalen-Helchteren";"STR";"2"
"IV2017011915010675";"Hasselt (F)";"K";"80"
"IV2017011915010675";"Hasselt (F)";"MO";"50"
"IV2017011916185487";"Hasselt (F)";"K";"90"
"IV2017011916185487";"Hasselt (F)";"MO";"80"
"IV2017011916524752";"Houthalen-Helchteren";"K";"99"
"IV2017011916524752";"Houthalen-Helchteren";"MO";"3"
"IV2017011916524752";"Houthalen-Helchteren";"NB";"1"
"IV2017011919322195";"Houthalen-Helchteren";"K";"100"
"IV2017011919322195";"Houthalen-Helchteren";"MO";"3"
"IV2017012010235498";"Turnhout (F)";"K";"60"
"IV2017012010235498";"Turnhout (F)";"MO";"90"
"IV2017012011231757";"Turnhout (F)";"K";"60"
"IV2017012011231757";"Turnhout (F)";"MO";"90"
"IV2017012012273378";"Oostmalle";"K";"60"
"IV2017012012273378";"Oostmalle";"MO";"80"
"IV2017012012433410";"Oostmalle";"K";"60"
"IV2017012012433410";"Oostmalle";"MO";"80"
"IV2017012013020416";"Oostmalle";"K";"80"
"IV2017012013020416";"Oostmalle";"MO";"20"
"IV2017012013095674";"Oostmalle";"K";"80"
"IV2017012013095674";"Oostmalle";"MO";"20"
"IV2017012013475483";"Oostmalle";"K";"80"
"IV2017012013475483";"Oostmalle";"MO";"50"
"IV2017012013475483";"Oostmalle";"NB";"10"
"IV2017012013585970";"Oostmalle";"K";"80"
"IV2017012013585970";"Oostmalle";"MO";"50"
"IV2017012013585970";"Oostmalle";"NB";"5"
"IV2017012015481765";"Beernem (F)";"K";"90"
"IV2017012015481765";"Beernem (F)";"MO";"90"
"IV2017012016215306";"Beernem (F)";"K";"90"
"IV2017012016215306";"Beernem (F)";"MO";"90"
"IV2017012016374726";"Kemzeke";"K";"70"
"IV2017012016374726";"Kemzeke";"MO";"80"
"IV2017012016550624";"Kemzeke";"K";"70"
"IV2017012016550624";"Kemzeke";"MO";"80"
"IV2017012017101191";"Ravels (F)";"K";"80"
"IV2017012017101191";"Ravels (F)";"MO";"80"
"IV2017012017312649";"Ravels (F)";"K";"80"
"IV2017012017312649";"Ravels (F)";"MO";"80"
"IV2017012312301685";"Houthalen-Helchteren";"K";"97"
"IV2017012312301685";"Houthalen-Helchteren";"MO";"1"
"IV2017012312301685";"Houthalen-Helchteren";"NB";"3"
"IV2017012312301685";"Houthalen-Helchteren";"S";"1"
"IV2017012312531726";"Houthalen-Helchteren";"K";"98"
"IV2017012312531726";"Houthalen-Helchteren";"MO";"1"
"IV2017012312531726";"Houthalen-Helchteren";"NB";"2"
"IV2017012521020429";"Houthalen-Helchteren";"K";"100"
"IV2017012521104081";"Houthalen-Helchteren";"K";"100"
"IV2017012522043706";"Houthalen-Helchteren";"K";"98"
"IV2017012522043706";"Houthalen-Helchteren";"MO";"5"
"IV2017012522043706";"Houthalen-Helchteren";"NB";"1"
"IV2017012522043706";"Houthalen-Helchteren";"STR";"5"
"IV2017012522232265";"Houthalen-Helchteren";"K";"98"
"IV2017012522232265";"Houthalen-Helchteren";"MO";"5"
"IV2017012522232265";"Houthalen-Helchteren";"NB";"2"
"IV2017012522232265";"Houthalen-Helchteren";"STR";"25"
"IV2017012611170830";"Houthalen-Helchteren";"K";"100"
"IV2017012611170830";"Houthalen-Helchteren";"MO";"0-x-1"
"IV2017012611360478";"Houthalen-Helchteren";"K";"100"
"IV2017012611360478";"Houthalen-Helchteren";"MO";"0-x-1"
"IV2017012612213288";"Olmen";"B";"2"
"IV2017012612213288";"Olmen";"K";"100"
"IV2017012612213288";"Olmen";"MO";"2"
"IV2017012612213288";"Olmen";"S";"8"
"IV2017012612213288";"Olmen";"STR";"30"
"IV2017012613001528";"Houthalen-Helchteren";"K";"100"
"IV2017012613001528";"Houthalen-Helchteren";"MO";"60"
"IV2017012613110316";"Olmen";"K";"100"
"IV2017012613110316";"Olmen";"MO";"1"
"IV2017012613110316";"Olmen";"STR";"40"
"IV2017012613170767";"Houthalen-Helchteren";"K";"100"
"IV2017012613170767";"Houthalen-Helchteren";"MO";"50"
"IV2017012613411763";"Houthalen-Helchteren";"K";"98"
"IV2017012613411763";"Houthalen-Helchteren";"MO";"3"
"IV2017012613411763";"Houthalen-Helchteren";"STR";"3"
"IV2017012613530004";"Houthalen-Helchteren";"K";"98"
"IV2017012613530004";"Houthalen-Helchteren";"MO";"3"
"IV2017012613530004";"Houthalen-Helchteren";"NB";"1"
"IV2017012613530004";"Houthalen-Helchteren";"STR";"3"
"IV2017012615432844";"Tielt-Winge";"K";"100"
"IV2017012615432844";"Tielt-Winge";"MO";"15"
"IV2017012620054742";"Tielt-Winge";"K";"100"
"IV2017012620054742";"Tielt-Winge";"MO";"15"
"IV2017012620463014";"Tielt-Winge";"B";"1"
"IV2017012620463014";"Tielt-Winge";"K";"100"
"IV2017012620463014";"Tielt-Winge";"MO";"60"
"IV2017012620463014";"Tielt-Winge";"S";"1"
"IV2017012620573892";"Tielt-Winge";"K";"100"
"IV2017012620573892";"Tielt-Winge";"MO";"60"
"IV2017012620573892";"Tielt-Winge";"S";"1"
"IV2017012709211647";"Zandvoorde (Zonnebeke)";"K";"60"
"IV2017012709211647";"Zandvoorde (Zonnebeke)";"MO";"60"
"IV2017012709211647";"Zandvoorde (Zonnebeke)";"NB";"10"
"IV2017012709211647";"Zandvoorde (Zonnebeke)";"STR";"5"
"IV2017012709294069";"Zandvoorde (Zonnebeke)";"K";"40"
"IV2017012709294069";"Zandvoorde (Zonnebeke)";"MO";"80"
"IV2017012709294069";"Zandvoorde (Zonnebeke)";"NB";"5"
"IV2017012709294069";"Zandvoorde (Zonnebeke)";"STR";"5"
"IV2017012709434540";"Oud-Turnhout (F)";"K";"95"
"IV2017012709434540";"Oud-Turnhout (F)";"MO";"75"
"IV2017012710254898";"Oud-Turnhout (F)";"K";"95"
"IV2017012710254898";"Oud-Turnhout (F)";"MO";"75"
"IV2017012711062779";"Oud-Turnhout (F)";"K";"80"
"IV2017012711062779";"Oud-Turnhout (F)";"MO";"95"
"IV2017012711193298";"Oud-Turnhout (F)";"K";"80"
"IV2017012711193298";"Oud-Turnhout (F)";"MO";"95"
"IV2017012711292443";"Oud-Turnhout (F)";"K";"80"
"IV2017012711292443";"Oud-Turnhout (F)";"MO";"70"
"IV2017012711431363";"Oud-Turnhout (F)";"K";"80"
"IV2017012711431363";"Oud-Turnhout (F)";"MO";"70"
"IV2017012712420281";"Wingene (F)";"B";"70"
"IV2017012712420281";"Wingene (F)";"K";"50"
"IV2017012712420281";"Wingene (F)";"MO";"90"
"IV2017012712420281";"Wingene (F)";"S";"40"
"IV2017012713022515";"Wingene (F)";"B";"70"
"IV2017012713022515";"Wingene (F)";"K";"50"
"IV2017012713022515";"Wingene (F)";"MO";"90"
"IV2017012713261758";"Kasterlee (F)";"B";"30"
"IV2017012713261758";"Kasterlee (F)";"K";"70"
"IV2017012713261758";"Kasterlee (F)";"MO";"70"
"IV2017012713261758";"Kasterlee (F)";"NB";"10"
"IV2017012714021766";"Kasterlee (F)";"K";"70"
"IV2017012714021766";"Kasterlee (F)";"MO";"70"
"IV2017012714021766";"Kasterlee (F)";"NB";"10"
"IV2017012714260737";"Tielen";"K";"100"
"IV2017012714260737";"Tielen";"MO";"40"
"IV2017012715091042";"Tielen";"K";"100"
"IV2017012715091042";"Tielen";"MO";"40"
"IV2017012715235876";"Baarle-Hertog (F)";"K";"80"
"IV2017012715235876";"Baarle-Hertog (F)";"MO";"80"
"IV2017012715472176";"Baarle-Hertog (F)";"K";"80"
"IV2017012715472176";"Baarle-Hertog (F)";"MO";"80"
"IV2017012716313882";"Ruisbroek (Puurs)";"K";"100"
"IV2017012716313882";"Ruisbroek (Puurs)";"MO";"70"
"IV2017012716564741";"Ruisbroek (Puurs)";"K";"100"
"IV2017012716564741";"Ruisbroek (Puurs)";"MO";"70"
"IV2017013011050597";"Houthalen-Helchteren";"K";"75"
"IV2017013011050597";"Houthalen-Helchteren";"MO";"0"
"IV2017013011050597";"Houthalen-Helchteren";"NB";"20"
"IV2017013011050597";"Houthalen-Helchteren";"STR";"5"
"IV2017013011141972";"Houthalen-Helchteren";"K";"55"
"IV2017013011141972";"Houthalen-Helchteren";"MO";"0-x-1"
"IV2017013011141972";"Houthalen-Helchteren";"NB";"40"
"IV2017013011141972";"Houthalen-Helchteren";"STR";"5"
"IV2017013011553027";"Houthalen-Helchteren";"K";"80"
"IV2017013011553027";"Houthalen-Helchteren";"MO";"10"
"IV2017013011553027";"Houthalen-Helchteren";"NB";"1"
"IV2017013011553027";"Houthalen-Helchteren";"STR";"1"
"IV2017013012265239";"Houthalen-Helchteren";"K";"75"
"IV2017013012265239";"Houthalen-Helchteren";"MO";"40"
"IV2017013013060304";"Houthalen-Helchteren";"K";"90"
"IV2017013013060304";"Houthalen-Helchteren";"MO";"3"
"IV2017013013060304";"Houthalen-Helchteren";"NB";"5"
"IV2017013013060304";"Houthalen-Helchteren";"STR";"2"
"IV2017013013143717";"Houthalen-Helchteren";"K";"92"
"IV2017013013143717";"Houthalen-Helchteren";"MO";"1"
"IV2017013013143717";"Houthalen-Helchteren";"NB";"5"
"IV2017013013143717";"Houthalen-Helchteren";"STR";"1"
"IV2017013013460448";"Maasmechelen (F)";"K";"90"
"IV2017013013460448";"Maasmechelen (F)";"MO";"15"
"IV2017013013460448";"Maasmechelen (F)";"NB";"1"
"IV2017013013460448";"Maasmechelen (F)";"S";"2"
"IV2017013013460448";"Maasmechelen (F)";"STR";"1"
"IV2017013015085454";"Maasmechelen (F)";"K";"99"
"IV2017013015085454";"Maasmechelen (F)";"MO";"5"
"IV2017013015085454";"Maasmechelen (F)";"S";"1"
"IV2017013015545827";"Maasmechelen (F)";"K";"95"
"IV2017013015545827";"Maasmechelen (F)";"MO";"15"
"IV2017013015545827";"Maasmechelen (F)";"NB";"1"
"IV2017013015545827";"Maasmechelen (F)";"S";"2"
"IV2017013015545827";"Maasmechelen (F)";"STR";"3"
"IV2017013016040477";"Maasmechelen (F)";"K";"97"
"IV2017013016040477";"Maasmechelen (F)";"MO";"35"
"IV2017013016040477";"Maasmechelen (F)";"NB";"1"
"IV2017013016040477";"Maasmechelen (F)";"STR";"1"
"IV2017013110020007";"Zutendaal (F)";"K";"95"
"IV2017013110020007";"Zutendaal (F)";"MO";"15"
"IV2017013110020007";"Zutendaal (F)";"NB";"2"
"IV2017013110020007";"Zutendaal (F)";"S";"3"
"IV2017020111393906";"Zutendaal (F)";"K";"95"
"IV2017020111393906";"Zutendaal (F)";"MO";"10"
"IV2017020111393906";"Zutendaal (F)";"NB";"2"
"IV2017020111393906";"Zutendaal (F)";"S";"5"
"IV2017020116071546";"Tielt-Winge";"K";"100"
"IV2017020116071546";"Tielt-Winge";"MO";"2"
"IV2017020116071546";"Tielt-Winge";"S";"3"
"IV2017020116071546";"Tielt-Winge";"STR";"5"
"IV2017020120160542";"Tielt-Winge";"K";"100"
"IV2017020120160542";"Tielt-Winge";"MO";"2"
"IV2017020120160542";"Tielt-Winge";"STR";"1"
"IV2017020121010797";"Tielt-Winge";"K";"98"
"IV2017020121010797";"Tielt-Winge";"MO";"4"
"IV2017020121010797";"Tielt-Winge";"NB";"3"
"IV2017020121010797";"Tielt-Winge";"S";"1"
"IV2017020121010797";"Tielt-Winge";"STR";"5"
"IV2017020121221303";"Tielt-Winge";"K";"99"
"IV2017020121221303";"Tielt-Winge";"MO";"4"
"IV2017020121221303";"Tielt-Winge";"S";"1"
"IV2017020121221303";"Tielt-Winge";"STR";"5"
"IV2017020211023566";"Beringen (F)";"K";"85"
"IV2017020211023566";"Beringen (F)";"MO";"25"
"IV2017020211023566";"Beringen (F)";"S";"1"
"IV2017020211023566";"Beringen (F)";"STR";"2"
"IV2017020211373000";"Beringen (F)";"K";"85"
"IV2017020211373000";"Beringen (F)";"MO";"25"
"IV2017020211373000";"Beringen (F)";"STR";"2"
"IV2017020211533870";"Beringen (F)";"B";"2"
"IV2017020211533870";"Beringen (F)";"K";"50"
"IV2017020211533870";"Beringen (F)";"MO";"60"
"IV2017020211533870";"Beringen (F)";"S";"5"
"IV2017020212290721";"Beringen (F)";"K";"40"
"IV2017020212290721";"Beringen (F)";"MO";"80"
"IV2017020308164723";"Oostkamp";"K";"90"
"IV2017020308164723";"Oostkamp";"MO";"80"
"IV2017020308555607";"Oostkamp";"K";"90"
"IV2017020308555607";"Oostkamp";"MO";"80"
"IV2017020309175600";"Oostkamp";"K";"90"
"IV2017020309175600";"Oostkamp";"MO";"90"
"IV2017020309320429";"Oostkamp";"K";"90"
"IV2017020309320429";"Oostkamp";"MO";"90"
"IV2017020309560065";"Heusden (Destelbergen)";"K";"100"
"IV2017020309560065";"Heusden (Destelbergen)";"MO";"1"
"IV2017020309560065";"Heusden (Destelbergen)";"STR";"30"
"IV2017020310250354";"Heusden (Destelbergen)";"K";"100"
"IV2017020310250354";"Heusden (Destelbergen)";"MO";"1"
"IV2017020310250354";"Heusden (Destelbergen)";"STR";"30"
"IV2017020312255416";"Ursel";"K";"80"
"IV2017020312255416";"Ursel";"MO";"50"
"IV2017020312255416";"Ursel";"NB";"10"
"IV2017020313004098";"Ursel";"K";"80"
"IV2017020313004098";"Ursel";"MO";"50"
"IV2017020313004098";"Ursel";"NB";"10"
"IV2017020318100730";"Tielen";"K";"35"
"IV2017020318100730";"Tielen";"MO";"80"
"IV2017020318234508";"Tielen";"K";"35"
"IV2017020318234508";"Tielen";"MO";"80"
"IV2017020318315989";"Tielen";"K";"90"
"IV2017020318480754";"Tielen";"K";"90"
"IV2017020318560367";"Ravels (F)";"K";"50"
"IV2017020318560367";"Ravels (F)";"MO";"85"
"IV2017020319064156";"Ravels (F)";"K";"40"
"IV2017020319064156";"Ravels (F)";"MO";"95"
"IV2017020713102084";"Balen";"B";"1"
"IV2017020713102084";"Balen";"K";"90"
"IV2017020713102084";"Balen";"MO";"5"
"IV2017020713102084";"Balen";"NB";"30"
"IV2017020713102084";"Balen";"S";"9"
"IV2017020714540212";"Balen";"K";"90"
"IV2017020714540212";"Balen";"MO";"5"
"IV2017020714540212";"Balen";"NB";"30"
"IV2017020813265807";"Arendonk (F)";"K";"90"
"IV2017020813265807";"Arendonk (F)";"MO";"5"
"IV2017020813265807";"Arendonk (F)";"NB";"10"
"IV2017020813265807";"Arendonk (F)";"S";"25"
"IV2017020813570832";"Arendonk (F)";"K";"80"
"IV2017020813570832";"Arendonk (F)";"MO";"5"
"IV2017020813570832";"Arendonk (F)";"NB";"20"
"IV2017020813570832";"Arendonk (F)";"S";"10"
"IV2017020814143501";"Ten Aard";"K";"80"
"IV2017020814143501";"Ten Aard";"MO";"60"
"IV2017020814462786";"Ten Aard";"K";"80"
"IV2017020814462786";"Ten Aard";"MO";"60"
"IV2017020815060283";"Meeswijk";"K";"50"
"IV2017020815060283";"Meeswijk";"MO";"60"
"IV2017020815060283";"Meeswijk";"NB";"1"
"IV2017020815060283";"Meeswijk";"S";"4"
"IV2017020815451966";"Meeswijk";"K";"50"
"IV2017020815451966";"Meeswijk";"MO";"60"
"IV2017020815451966";"Meeswijk";"NB";"1"
"IV2017020911173410";"Meeswijk";"K";"60"
"IV2017020911173410";"Meeswijk";"MO";"60"
"IV2017020911173410";"Meeswijk";"NB";"1"
"IV2017020912043705";"Meeswijk";"K";"60"
"IV2017020912043705";"Meeswijk";"MO";"60"
"IV2017020912043705";"Meeswijk";"NB";"1"
"IV2017020914013322";"Maaseik (F)";"K";"95"
"IV2017020914013322";"Maaseik (F)";"MO";"1"
"IV2017020914013322";"Maaseik (F)";"NB";"5"
"IV2017020914342201";"Maaseik (F)";"K";"95"
"IV2017020914342201";"Maaseik (F)";"MO";"1"
"IV2017020914342201";"Maaseik (F)";"NB";"5"
"IV2017020915002276";"Maaseik (F)";"K";"80"
"IV2017020915002276";"Maaseik (F)";"MO";"5"
"IV2017020915002276";"Maaseik (F)";"NB";"20"
"IV2017020916182461";"Maaseik (F)";"K";"80"
"IV2017020916182461";"Maaseik (F)";"MO";"5"
"IV2017020916182461";"Maaseik (F)";"NB";"20"
"IV2017021009391220";"Rillaar";"K";"90"
"IV2017021009391220";"Rillaar";"MO";"50"
"IV2017021009570606";"Rillaar";"K";"90"
"IV2017021009570606";"Rillaar";"MO";"50"
"IV2017021011171644";"Rillaar";"K";"95"
"IV2017021011171644";"Rillaar";"MO";"30"
"IV2017021011372088";"Rillaar";"K";"95"
"IV2017021011372088";"Rillaar";"MO";"30"
"IV2017021012213856";"Wezemaal";"B";"2"
"IV2017021012213856";"Wezemaal";"K";"100"
"IV2017021012213856";"Wezemaal";"MO";"15"
"IV2017021012413096";"Wezemaal";"K";"100"
"IV2017021012413096";"Wezemaal";"MO";"15"
"IV2017021016462422";"Gelrode";"K";"90"
"IV2017021016462422";"Gelrode";"MO";"30"
"IV2017021016462422";"Gelrode";"STR";"1"
"IV2017021017031808";"Gelrode";"K";"90"
"IV2017021017031808";"Gelrode";"MO";"30"
"IV2017021017031808";"Gelrode";"STR";"1"
"IV2017021017175886";"Gelrode";"K";"70"
"IV2017021017175886";"Gelrode";"MO";"90"
"IV2017021017402906";"Gelrode";"K";"70"
"IV2017021017402906";"Gelrode";"MO";"90"
"IV2017021018002273";"Gelrode";"K";"100"
"IV2017021018002273";"Gelrode";"MO";"30"
"IV2017021018002273";"Gelrode";"STR";"40"
"IV2017021018144986";"Gelrode";"K";"100"
"IV2017021018144986";"Gelrode";"MO";"30"
"IV2017021018144986";"Gelrode";"STR";"40"
"IV2017021310384624";"Berg (Kampenhout)";"K";"90"
"IV2017021310384624";"Berg (Kampenhout)";"MO";"80"
"IV2017021311152342";"Berg (Kampenhout)";"K";"90"
"IV2017021311152342";"Berg (Kampenhout)";"MO";"80"
"IV2017021311505729";"Berg (Kampenhout)";"K";"70"
"IV2017021311505729";"Berg (Kampenhout)";"MO";"90"
"IV2017021312171588";"Berg (Kampenhout)";"K";"70"
"IV2017021312171588";"Berg (Kampenhout)";"MO";"90"
"IV2017021312415166";"Beernem (F)";"K";"85"
"IV2017021312415166";"Beernem (F)";"MO";"70"
"IV2017021312415166";"Beernem (F)";"NB";"1"
"IV2017021313081237";"Beernem (F)";"K";"85"
"IV2017021313081237";"Beernem (F)";"MO";"70"
"IV2017021313081237";"Beernem (F)";"NB";"1"
"IV2017021313300649";"Bierbeek (F)";"K";"100"
"IV2017021313300649";"Bierbeek (F)";"MO";"80"
"IV2017021314165316";"Bierbeek (F)";"K";"100"
"IV2017021314165316";"Bierbeek (F)";"MO";"80"
"IV2017021314354987";"Ravels (F)";"K";"50"
"IV2017021314354987";"Ravels (F)";"MO";"80"
"IV2017021314354987";"Ravels (F)";"S";"1"
"IV2017021314354987";"Ravels (F)";"STR";"2"
"IV2017021315595672";"Ravels (F)";"K";"50"
"IV2017021315595672";"Ravels (F)";"MO";"80"
"IV2017021315595672";"Ravels (F)";"STR";"2"
"IV2017021316192193";"Turnhout (F)";"K";"100"
"IV2017021316192193";"Turnhout (F)";"MO";"40"
"IV2017021316354132";"Turnhout (F)";"K";"100"
"IV2017021316354132";"Turnhout (F)";"MO";"60"
"IV2017021316470293";"Bocholt";"K";"90"
"IV2017021316470293";"Bocholt";"MO";"90"
"IV2017021316470293";"Bocholt";"NB";"2"
"IV2017021317143301";"Bocholt (F)";"K";"90"
"IV2017021317143301";"Bocholt (F)";"MO";"90"
"IV2017021410455484";"Bocholt";"K";"95"
"IV2017021410455484";"Bocholt";"MO";"70"
"IV2017021410455484";"Bocholt";"NB";"3"
"IV2017021411231990";"Bocholt (F)";"K";"95"
"IV2017021411231990";"Bocholt (F)";"MO";"70"
"IV2017021411231990";"Bocholt (F)";"NB";"3"
"IV2017021413520341";"Nederokkerzeel";"K";"100"
"IV2017021413520341";"Nederokkerzeel";"MO";"20"
"IV2017021414091295";"Nederokkerzeel";"K";"100"
"IV2017021414091295";"Nederokkerzeel";"MO";"20"
"IV2017021414213854";"Huldenberg (F)";"K";"100"
"IV2017021414213854";"Huldenberg (F)";"MO";"10"
"IV2017021414350820";"Huldenberg (F)";"K";"100"
"IV2017021414350820";"Huldenberg (F)";"MO";"10"
"IV2017021414444810";"Brasschaat (F)";"K";"20"
"IV2017021414444810";"Brasschaat (F)";"MO";"80"
"IV2017021414444810";"Brasschaat (F)";"NB";"1"
"IV2017021415171476";"Brasschaat";"K";"20"
"IV2017021415171476";"Brasschaat";"MO";"80"
"IV2017021415171476";"Brasschaat";"NB";"3"
"IV2017021415415208";"Ramsel";"K";"50"
"IV2017021415415208";"Ramsel";"MO";"40"
"IV2017021415415208";"Ramsel";"NB";"5"
"IV2017021415415208";"Ramsel";"S";"2"
"IV2017021415534916";"Grote Brogel";"K";"95"
"IV2017021415534916";"Grote Brogel";"MO";"50"
"IV2017021415534916";"Grote Brogel";"NB";"1"
"IV2017021415534916";"Grote Brogel";"STR";"1"
"IV2017021415590760";"Ramsel";"K";"55"
"IV2017021415590760";"Ramsel";"MO";"30"
"IV2017021415590760";"Ramsel";"NB";"5"
"IV2017021416061568";"Hallaar";"K";"100"
"IV2017021416061568";"Hallaar";"MO";"20"
"IV2017021416154407";"Grote Brogel";"K";"95"
"IV2017021416154407";"Grote Brogel";"MO";"60"
"IV2017021416154407";"Grote Brogel";"NB";"1"
"IV2017021416154407";"Grote Brogel";"STR";"1"
"IV2017021416161173";"Hallaar";"K";"100"
"IV2017021416161173";"Hallaar";"MO";"20"
"IV2017021416262329";"Brasschaat";"K";"70"
"IV2017021416262329";"Brasschaat";"MO";"5"
"IV2017021416262329";"Brasschaat";"NB";"5"
"IV2017021416262329";"Brasschaat";"S";"1"
"IV2017021416585251";"Brasschaat (F)";"K";"70"
"IV2017021416585251";"Brasschaat (F)";"MO";"5"
"IV2017021416585251";"Brasschaat (F)";"NB";"5"
"IV2017021417070556";"Kapellen";"K";"50"
"IV2017021417070556";"Kapellen";"MO";"50"
"IV2017021417070556";"Kapellen";"NB";"5"
"IV2017021417070556";"Kapellen";"S";"1"
"IV2017021417294457";"Kapellen";"K";"50"
"IV2017021417294457";"Kapellen";"MO";"50"
"IV2017021417294457";"Kapellen";"NB";"1"
"IV2017021510114273";"Brasschaat";"K";"70"
"IV2017021510114273";"Brasschaat";"MO";"60"
"IV2017021510114273";"Brasschaat";"NB";"1"
"IV2017021510114273";"Brasschaat";"S";"5"
"IV2017021511162976";"Brasschaat (F)";"K";"70"
"IV2017021511162976";"Brasschaat (F)";"MO";"60"
"IV2017021511480087";"Brecht (F)";"B";"10"
"IV2017021511480087";"Brecht (F)";"K";"80"
"IV2017021511480087";"Brecht (F)";"MO";"15"
"IV2017021511480087";"Brecht (F)";"NB";"5"
"IV2017021511480087";"Brecht (F)";"S";"20"
"IV2017021511480087";"Brecht (F)";"STR";"70"
"IV2017021512035316";"Brecht (F)";"K";"100"
"IV2017021512035316";"Brecht (F)";"MO";"2"
"IV2017021512035316";"Brecht (F)";"STR";"70"
"IV2017021512174228";"Eksel";"K";"85"
"IV2017021512174228";"Eksel";"MO";"30"
"IV2017021513022196";"Rekem";"K";"60"
"IV2017021513022196";"Rekem";"MO";"60"
"IV2017021513022196";"Rekem";"NB";"15"
"IV2017021513104974";"Rekem";"K";"60"
"IV2017021513104974";"Rekem";"MO";"70"
"IV2017021513104974";"Rekem";"NB";"15"
"IV2017021513172295";"Eksel";"K";"90"
"IV2017021513172295";"Eksel";"MO";"20"
"IV2017021513174412";"Zonhoven (F)";"K";"90"
"IV2017021513174412";"Zonhoven (F)";"MO";"40"
"IV2017021513174412";"Zonhoven (F)";"NB";"10"
"IV2017021513174412";"Zonhoven (F)";"S";"40"
"IV2017021513305863";"Zonhoven (F)";"K";"70"
"IV2017021513305863";"Zonhoven (F)";"MO";"50"
"IV2017021513305863";"Zonhoven (F)";"NB";"15"
"IV2017021513305863";"Zonhoven (F)";"S";"100"
"IV2017021513460105";"Balen (F)";"K";"60"
"IV2017021513460105";"Balen (F)";"MO";"10"
"IV2017021513460105";"Balen (F)";"NB";"50"
"IV2017021513460105";"Balen (F)";"S";"1"
"IV2017021513582966";"Balen (F)";"K";"60"
"IV2017021513582966";"Balen (F)";"MO";"10"
"IV2017021513582966";"Balen (F)";"NB";"50"
"IV2017021514080638";"Zonhoven";"K";"90"
"IV2017021514080638";"Zonhoven";"MO";"20"
"IV2017021514080638";"Zonhoven";"NB";"10"
"IV2017021514080638";"Zonhoven";"S";"30"
"IV2017021514080638";"Zonhoven";"STR";"20"
"IV2017021514480221";"Zonhoven (F)";"K";"90"
"IV2017021514480221";"Zonhoven (F)";"MO";"20"
"IV2017021514480221";"Zonhoven (F)";"NB";"10"
"IV2017021514480221";"Zonhoven (F)";"S";"4"
"IV2017021514480221";"Zonhoven (F)";"STR";"20"
"IV2017021514542213";"Zonhoven (F)";"K";"90"
"IV2017021514542213";"Zonhoven (F)";"MO";"40"
"IV2017021514542213";"Zonhoven (F)";"NB";"1"
"IV2017021514542213";"Zonhoven (F)";"S";"1"
"IV2017021515052872";"Zonhoven (F)";"K";"90"
"IV2017021515052872";"Zonhoven (F)";"MO";"30"
"IV2017021515123500";"Zonhoven (F)";"K";"50"
"IV2017021515123500";"Zonhoven (F)";"MO";"20"
"IV2017021515123500";"Zonhoven (F)";"NB";"30"
"IV2017021515263591";"Zonhoven (F)";"K";"50"
"IV2017021515263591";"Zonhoven (F)";"MO";"30"
"IV2017021515263591";"Zonhoven (F)";"NB";"30"
"IV2017021515354295";"Zolder";"K";"80"
"IV2017021515354295";"Zolder";"MO";"10"
"IV2017021515354295";"Zolder";"NB";"20"
"IV2017021515354295";"Zolder";"S";"10"
"IV2017021515354295";"Zolder";"STR";"70"
"IV2017021515505552";"Zolder";"K";"100"
"IV2017021515505552";"Zolder";"MO";"20"
"IV2017021515505552";"Zolder";"STR";"70"
"IV2017021515592266";"Zolder";"K";"100"
"IV2017021515592266";"Zolder";"MO";"10"
"IV2017021515592266";"Zolder";"NB";"5"
"IV2017021515592266";"Zolder";"S";"60"
"IV2017021515592266";"Zolder";"STR";"70"
"IV2017021516075256";"Zolder";"K";"100"
"IV2017021516075256";"Zolder";"MO";"10"
"IV2017021516075256";"Zolder";"NB";"1"
"IV2017021516075256";"Zolder";"S";"70"
"IV2017021516075256";"Zolder";"STR";"70"
"IV2017021516164241";"Herentals (F)";"K";"70"
"IV2017021516164241";"Herentals (F)";"MO";"80"
"IV2017021516164241";"Herentals (F)";"S";"25"
"IV2017021516261649";"Herentals (F)";"K";"70"
"IV2017021516261649";"Herentals (F)";"MO";"80"
"IV2017021516261649";"Herentals (F)";"S";"1"
"IV2017021521415567";"Diepenbeek (F)";"B";"40"
"IV2017021521415567";"Diepenbeek (F)";"K";"98"
"IV2017021521415567";"Diepenbeek (F)";"MO";"1"
"IV2017021521415567";"Diepenbeek (F)";"S";"8"
"IV2017021521415567";"Diepenbeek (F)";"STR";"1"
"IV2017021521571275";"Diepenbeek (F)";"K";"98"
"IV2017021521571275";"Diepenbeek (F)";"MO";"1"
"IV2017021521571275";"Diepenbeek (F)";"S";"10"
"IV2017021521571275";"Diepenbeek (F)";"STR";"1"
"IV2017021710141595";"Olmen";"K";"95"
"IV2017021710141595";"Olmen";"NB";"5"
"IV2017021710141595";"Olmen";"S";"1"
"IV2017021710141595";"Olmen";"STR";"40"
"IV2017021710262223";"Olmen";"K";"95"
"IV2017021710262223";"Olmen";"STR";"30"
"IV2017021710412000";"Koersel";"K";"100"
"IV2017021710412000";"Koersel";"MO";"2"
"IV2017021710412000";"Koersel";"S";"10"
"IV2017021710534965";"Koersel";"K";"95"
"IV2017021710534965";"Koersel";"MO";"2"
"IV2017021710534965";"Koersel";"NB";"5"
"IV2017021710534965";"Koersel";"S";"4"
"IV2017021712024375";"Hechtel";"K";"99"
"IV2017021712024375";"Hechtel";"MO";"1"
"IV2017021712024375";"Hechtel";"NB";"1"
"IV2017021712024375";"Hechtel";"S";"30"
"IV2017021712024375";"Hechtel";"STR";"5"
"IV2017021712152647";"Hechtel";"K";"99"
"IV2017021712152647";"Hechtel";"NB";"1"
"IV2017021712152647";"Hechtel";"STR";"20"
"IV2017021712211026";"Helchteren";"K";"100"
"IV2017021712211026";"Helchteren";"MO";"20"
"IV2017021712211026";"Helchteren";"S";"4"
"IV2017021712211026";"Helchteren";"STR";"10"
"IV2017021712361732";"Helchteren";"K";"100"
"IV2017021712361732";"Helchteren";"MO";"5"
"IV2017021712361732";"Helchteren";"S";"20"
"IV2017021712361732";"Helchteren";"STR";"10"
"IV2017021712570028";"Koersel";"K";"95"
"IV2017021712570028";"Koersel";"MO";"40"
"IV2017021712570028";"Koersel";"NB";"3"
"IV2017021712570028";"Koersel";"S";"1"
"IV2017021712570028";"Koersel";"STR";"10"
"IV2017021713122588";"Koersel";"K";"95"
"IV2017021713122588";"Koersel";"NB";"5"
"IV2017021713122588";"Koersel";"STR";"10"
"IV2017021716013587";"Kortessem (F)";"K";"75"
"IV2017021716013587";"Kortessem (F)";"MO";"0-x-1"
"IV2017021716250537";"Koersel";"B";"20"
"IV2017021716250537";"Koersel";"K";"95"
"IV2017021716250537";"Koersel";"MO";"3"
"IV2017021716250537";"Koersel";"NB";"5"
"IV2017021716250537";"Koersel";"S";"25"
"IV2017021716440979";"Koersel";"K";"95"
"IV2017021716440979";"Koersel";"MO";"1"
"IV2017021716440979";"Koersel";"NB";"5"
"IV2017021716440979";"Koersel";"S";"65"
"IV2017021716580390";"Helchteren";"B";"5"
"IV2017021716580390";"Helchteren";"K";"100"
"IV2017021716580390";"Helchteren";"MO";"30"
"IV2017021716580390";"Helchteren";"S";"2"
"IV2017021717085050";"Kortessem (F)";"K";"100"
"IV2017021717085050";"Kortessem (F)";"MO";"0-x-1"
"IV2017021717285026";"Helchteren";"K";"100"
"IV2017021717285026";"Helchteren";"MO";"30"
"IV2017022009530029";"Kortessem (F)";"K";"100"
"IV2017022009530029";"Kortessem (F)";"MO";"1"
"IV2017022009530029";"Kortessem (F)";"NB";"0-x-1"
"IV2017022010250767";"Kortessem (F)";"K";"100"
"IV2017022010250767";"Kortessem (F)";"MO";"1"
"IV2017022010250767";"Kortessem (F)";"NB";"0-x-1"
"IV2017022011083153";"Aarschot (F)";"K";"65"
"IV2017022011083153";"Aarschot (F)";"MO";"0-x-1"
"IV2017022011205318";"Aarschot (F)";"K";"100"
"IV2017022011205318";"Aarschot (F)";"MO";"0-x-1"
"IV2017022012400428";"Gors-Opleeuw";"B";"2"
"IV2017022012400428";"Gors-Opleeuw";"K";"100"
"IV2017022012400428";"Gors-Opleeuw";"MO";"1"
"IV2017022012400428";"Gors-Opleeuw";"NB";"1"
"IV2017022012400428";"Gors-Opleeuw";"S";"5"
"IV2017022013121858";"Gors-Opleeuw";"K";"100"
"IV2017022013121858";"Gors-Opleeuw";"MO";"1"
"IV2017022013575286";"Beverlo";"K";"70"
"IV2017022013575286";"Beverlo";"MO";"70"
"IV2017022014150360";"Beverlo";"K";"70"
"IV2017022014150360";"Beverlo";"MO";"70"
"IV2017022015155634";"Webbekom";"K";"80"
"IV2017022015155634";"Webbekom";"MO";"95"
"IV2017022015390187";"Webbekom";"K";"80"
"IV2017022015390187";"Webbekom";"MO";"95"
"IV2017022111070389";"Koersel";NA;NA
"IV2017022111075784";"Koersel";"K";"95"
"IV2017022111075784";"Koersel";"MO";"40"
"IV2017022111075784";"Koersel";"NB";"5"
"IV2017022111173825";"Koersel";"K";"90"
"IV2017022111173825";"Koersel";"MO";"30"
"IV2017022111173825";"Koersel";"NB";"10"
"IV2017022111173825";"Koersel";"S";"5"
"IV2017022111183354";"Koersel";"K";"90"
"IV2017022111183354";"Koersel";"MO";"30"
"IV2017022111183354";"Koersel";"NB";"10"
"IV2017022111183354";"Koersel";"S";"5"
"IV2017022112283578";"Melkwezer";"B";"5"
"IV2017022112283578";"Melkwezer";"K";"95"
"IV2017022112283578";"Melkwezer";"MO";"5"
"IV2017022112545290";"Melkwezer";"K";"95"
"IV2017022112545290";"Melkwezer";"MO";"5"
"IV2017022115074420";"Melkwezer";"K";"95"
"IV2017022115074420";"Melkwezer";"MO";"20"
"IV2017022115375527";"Melkwezer";"K";"95"
"IV2017022115375527";"Melkwezer";"MO";"20"
"IV2017022211082902";"Nieuwrode";"K";"100"
"IV2017022211082902";"Nieuwrode";"MO";"60"
"IV2017022211385297";"Nieuwrode";"K";"100"
"IV2017022211385297";"Nieuwrode";"MO";"60"
"IV2017022212325377";"Nieuwrode";"K";"100"
"IV2017022212325377";"Nieuwrode";"MO";"5"
"IV2017022213011877";"Nieuwrode";"K";"100"
"IV2017022213011877";"Nieuwrode";"MO";"5"
"IV2017022310474384";"Sint-Joris-Winge";"K";"100"
"IV2017022310474384";"Sint-Joris-Winge";"MO";"5"
"IV2017022310474384";"Sint-Joris-Winge";"STR";"2"
"IV2017022315312444";"Sint-Joris-Winge";"K";"100"
"IV2017022315312444";"Sint-Joris-Winge";"MO";"5"
"IV2017022315312444";"Sint-Joris-Winge";"STR";"1"
"IV2017022316243012";"Diepenbeek (F)";"K";"95"
"IV2017022316243012";"Diepenbeek (F)";"MO";"1"
"IV2017022316243012";"Diepenbeek (F)";"NB";"5"
"IV2017022318064503";"Diepenbeek (F)";"K";"90"
"IV2017022318064503";"Diepenbeek (F)";"MO";"1"
"IV2017022318064503";"Diepenbeek (F)";"STR";"10"
"IV2017022410260914";"Diepenbeek (F)";"K";"100"
"IV2017022410260914";"Diepenbeek (F)";"MO";"0-x-1"
"IV2017022410260914";"Diepenbeek (F)";"NB";"1"
"IV2017022410371769";"Diepenbeek (F)";"K";"100"
"IV2017022410371769";"Diepenbeek (F)";"MO";"0-x-1"
"IV2017022411275584";"Diepenbeek (F)";"K";"100"
"IV2017022411275584";"Diepenbeek (F)";"MO";"0-x-1"
"IV2017022412465341";"Diepenbeek (F)";"K";"100"
"IV2017022412465341";"Diepenbeek (F)";"MO";"0-x-1"
"IV2017022413245704";"Diepenbeek (F)";"K";"95"
"IV2017022413245704";"Diepenbeek (F)";"NB";"5"
"IV2017022413445592";"Diepenbeek";"K";"95"
"IV2017022413445592";"Diepenbeek";"NB";"5"
"IV2017022414255992";"Diepenbeek (F)";"K";"99"
"IV2017022414255992";"Diepenbeek (F)";"NB";"1"
"IV2017022414402631";"Diepenbeek (F)";"K";"100"
"IV2017022415170190";"Eigenbilzen";"K";"100"
"IV2017022415170190";"Eigenbilzen";"MO";"5"
"IV2017022415353736";"Eigenbilzen";"K";"100"
"IV2017022415353736";"Eigenbilzen";"MO";"5"
"IV2017112908192809";"Brecht (F)";"K";"70"
"IV2017112908192809";"Brecht (F)";"MO";"40"
"IV2017112908192809";"Brecht (F)";"NB";"10"
"IV2017112908460816";"Brecht (F)";"K";"70"
"IV2017112908460816";"Brecht (F)";"MO";"40"
"IV2017112908460816";"Brecht (F)";"NB";"10"
"IV2017112912245580";"Serskamp";"K";"95"
"IV2017112912245580";"Serskamp";"MO";"10"
"IV2017112912245580";"Serskamp";"NB";"5"
"IV2017112912245580";"Serskamp";"S";"1"
"IV2017112912580483";"Serskamp";"K";"100"
"IV2017112912580483";"Serskamp";"MO";"10"
"IV2017112913404044";"Ravels (F)";"K";"60"
"IV2017112913404044";"Ravels (F)";"MO";"50"
"IV2017112913583445";"Ravels (F)";"K";"60"
"IV2017112913583445";"Ravels (F)";"MO";"75"
"IV2017112914094613";"Sint-Katelijne-Waver (F)";"K";"95"
"IV2017112914094613";"Sint-Katelijne-Waver (F)";"MO";"50"
"IV2017112914372721";"Sint-Katelijne-Waver (F)";"K";"100"
"IV2017112914372721";"Sint-Katelijne-Waver (F)";"MO";"50"
"IV2017112915064012";"Lede (F)";"K";"90"
"IV2017112915064012";"Lede (F)";"MO";"5"
"IV2017112915243954";"Lede (F)";"K";"100"
"IV2017112915243954";"Lede (F)";"MO";"5"
"IV2017113008452613";"Veltem-Beisem";"K";"100"
"IV2017113008452613";"Veltem-Beisem";"MO";"15"
"IV2017113010102631";"Veltem-Beisem";"K";"100"
"IV2017113010102631";"Veltem-Beisem";"MO";"15"
"IV2017113010285455";"Beersel (F)";"K";"100"
"IV2017113010285455";"Beersel (F)";"MO";"80"
"IV2017113011505228";"Beersel (F)";"K";"100"
"IV2017113011505228";"Beersel (F)";"MO";"80"
"IV2017120107565546";"Zuienkerke (F)";"K";"90"
"IV2017120107565546";"Zuienkerke (F)";"NB";"10"
"IV2017120108115051";"Zuienkerke (F)";"K";"98"
"IV2017120108115051";"Zuienkerke (F)";"NB";"2"
"IV2017120108515000";"Zuienkerke (F)";"K";"95"
"IV2017120108515000";"Zuienkerke (F)";"NB";"5"
"IV2017120109032402";"Zuienkerke (F)";"K";"100"
"IV2017120109300668";"Assenede (F)";"K";"50"
"IV2017120109300668";"Assenede (F)";"NB";"50"
"IV2017120111004036";"Assenede (F)";"K";"60"
"IV2017120111004036";"Assenede (F)";"NB";"40"
"IV2017120111214650";"Gelrode";"K";"100"
"IV2017120111214650";"Gelrode";"MO";"20"
"IV2017120111463956";"Gelrode";"K";"100"
"IV2017120111463956";"Gelrode";"MO";"20"
"IV2017120111560343";"Gelrode";"K";"80"
"IV2017120111560343";"Gelrode";"MO";"70"
"IV2017120112090282";"Gelrode";"K";"70"
"IV2017120112090282";"Gelrode";"MO";"90"
"IV2017120112213868";"Gelrode";"K";"85"
"IV2017120112213868";"Gelrode";"MO";"20"
"IV2017120112213868";"Gelrode";"NB";"5"
"IV2017120112213868";"Gelrode";"S";"1"
"IV2017120112565263";"Gelrode";"K";"85"
"IV2017120112565263";"Gelrode";"MO";"20"
"IV2017120112565263";"Gelrode";"NB";"5"
"IV2017120113271520";"Zedelgem (F)";"B";"60"
"IV2017120113271520";"Zedelgem (F)";"K";"70"
"IV2017120113271520";"Zedelgem (F)";"MO";"30"
"IV2017120113271520";"Zedelgem (F)";"NB";"10"
"IV2017120114192219";"Zedelgem (F)";"B";"100"
"IV2017120114192219";"Zedelgem (F)";"K";"70"
"IV2017120114192219";"Zedelgem (F)";"MO";"30"
"IV2017120114192219";"Zedelgem (F)";"NB";"5"
"IV2017120114521398";"Berg (Kampenhout)";"K";"85"
"IV2017120114521398";"Berg (Kampenhout)";"MO";"90"
"IV2017120117414722";"Berg (Kampenhout)";"K";"85"
"IV2017120117414722";"Berg (Kampenhout)";"MO";"90"
"IV2017120117561385";"Berg (Kampenhout)";"B";"5"
"IV2017120117561385";"Berg (Kampenhout)";"K";"95"
"IV2017120117561385";"Berg (Kampenhout)";"MO";"90"
"IV2017120117561385";"Berg (Kampenhout)";"S";"5"
"IV2017120118231406";"Berg (Kampenhout)";"K";"95"
"IV2017120118231406";"Berg (Kampenhout)";"MO";"90"
"IV2017120118342938";"Berg (Kampenhout)";"K";"80"
"IV2017120118342938";"Berg (Kampenhout)";"MO";"80"
"IV2017120118520910";"Berg (Kampenhout)";"K";"85"
"IV2017120118520910";"Berg (Kampenhout)";"MO";"65"
"IV2018022813474152";"Zutendaal (F)";"K";"70"
"IV2018022813474152";"Zutendaal (F)";"MO";"30"
"IV2018022813474152";"Zutendaal (F)";"NB";"1"
"IV2018022813474152";"Zutendaal (F)";"STR";"3"
"IV2018030220035638";"Zutendaal (F)";"K";"70"
"IV2018030220035638";"Zutendaal (F)";"MO";"60"
"IV2018030220035638";"Zutendaal (F)";"STR";"3"
"IV2018030221003731";"Zutendaal (F)";"K";"40"
"IV2018030221003731";"Zutendaal (F)";"MO";"80"
"IV2018030221003731";"Zutendaal (F)";"NB";"1"
"IV2018030221003731";"Zutendaal (F)";"STR";"1"
"IV2018030221161700";"Zutendaal (F)";"K";"30"
"IV2018030221161700";"Zutendaal (F)";"MO";"90"
"IV2018030221161700";"Zutendaal (F)";"NB";"1"
"IV2018030221161700";"Zutendaal (F)";"STR";"1"
"IV2018030414484080";"Beringen (F)";"K";"60"
"IV2018030414484080";"Beringen (F)";"MO";"80"
"IV2018030414484080";"Beringen (F)";"NB";"1"
"IV2018030414484080";"Beringen (F)";"S";"0-x-1"
"IV2018030414484080";"Beringen (F)";"STR";"10"
"IV2018030415500950";"Beringen (F)";"K";"60"
"IV2018030415500950";"Beringen (F)";"MO";"80"
"IV2018030415500950";"Beringen (F)";"NB";"1"
"IV2018030415500950";"Beringen (F)";"S";"2"
"IV2018030415500950";"Beringen (F)";"STR";"20"
"IV2018030416111323";"Leopoldsburg (F)";"K";"95"
"IV2018030416111323";"Leopoldsburg (F)";"MO";"5"
"IV2018030416111323";"Leopoldsburg (F)";"NB";"1"
"IV2018030416111323";"Leopoldsburg (F)";"STR";"3"
"IV2018030416251801";"Leopoldsburg (F)";"K";"95"
"IV2018030416251801";"Leopoldsburg (F)";"MO";"5"
"IV2018030416251801";"Leopoldsburg (F)";"STR";"3"
"IV2018030417514439";"Hechtel-Eksel";"K";"100"
"IV2018030417514439";"Hechtel-Eksel";"MO";"20"
"IV2018030417514439";"Hechtel-Eksel";"S";"0-x-1"
"IV2018030418071744";"Hechtel-Eksel";"K";"98"
"IV2018030418071744";"Hechtel-Eksel";"MO";"2"
"IV2018030418071744";"Hechtel-Eksel";"STR";"1"
"IV2018030509282854";"Rillaar";"K";"99"
"IV2018030509282854";"Rillaar";"MO";"1"
"IV2018030510512619";"Rillaar";"K";"98"
"IV2018030510512619";"Rillaar";"MO";"1"
"IV2018030510512619";"Rillaar";"NB";"1"
"IV2018030511543075";"Tielt-Winge";"K";"98"
"IV2018030511543075";"Tielt-Winge";"MO";"3"
"IV2018030511543075";"Tielt-Winge";"S";"2"
"IV2018030511543075";"Tielt-Winge";"STR";"1"
"IV2018030512111847";"Tielt-Winge";"K";"95"
"IV2018030512111847";"Tielt-Winge";"MO";"5"
"IV2018030512111847";"Tielt-Winge";"NB";"1"
"IV2018030513285216";"Tielt-Winge";"K";"98"
"IV2018030513285216";"Tielt-Winge";"MO";"2"
"IV2018030513285216";"Tielt-Winge";"S";"10"
"IV2018030513530737";"Tielt-Winge";"K";"95"
"IV2018030513530737";"Tielt-Winge";"MO";"5"
"IV2018030513530737";"Tielt-Winge";"S";"10"
"IV2018030514502970";"Glabbeek";"K";"90"
"IV2018030514502970";"Glabbeek";"MO";"20"
"IV2018030514502970";"Glabbeek";"NB";"2"
"IV2018030514594211";"Glabbeek";"K";"95"
"IV2018030514594211";"Glabbeek";"MO";"10"
"IV2018030610544440";"Linter";"K";"100"
"IV2018030610544440";"Linter";"MO";"1"
"IV2018030613174547";"Linter";"K";"100"
"IV2018030613174547";"Linter";"MO";"1"
"IV2018030614095561";"Linter";"K";"100"
"IV2018030614095561";"Linter";"MO";"1"
"IV2018030614122464";"Linter";"K";"100"
"IV2018030614122464";"Linter";"MO";"1"
"IV2018030711143521";"Diepenbeek (F)";"K";"98"
"IV2018030711143521";"Diepenbeek (F)";"MO";"1"
"IV2018030711143521";"Diepenbeek (F)";"NB";"1"
"IV2018030711265492";"Diepenbeek (F)";"K";"98"
"IV2018030711265492";"Diepenbeek (F)";"MO";"1"
"IV2018030711265492";"Diepenbeek (F)";"STR";"1"
"IV2018030712002428";"Remersdaal";"K";"98"
"IV2018030712002428";"Remersdaal";"MO";"3"
"IV2018030712002428";"Remersdaal";"NB";"3"
"IV2018030712002428";"Remersdaal";"S";"1"
"IV2018030714024007";"Bocholt (F)";"K";"98"
"IV2018030714024007";"Bocholt (F)";"MO";"1"
"IV2018030714024007";"Bocholt (F)";"NB";"2"
"IV2018030714233862";"Bocholt (F)";"K";"96"
"IV2018030714233862";"Bocholt (F)";"MO";"1"
"IV2018030714233862";"Bocholt (F)";"NB";"4"
"IV2018030715412818";"Maasmechelen (F)";"B";"1"
"IV2018030715412818";"Maasmechelen (F)";"K";"90"
"IV2018030715412818";"Maasmechelen (F)";"MO";"1"
"IV2018030715412818";"Maasmechelen (F)";"NB";"4"
"IV2018030715412818";"Maasmechelen (F)";"S";"25"
"IV2018030715412818";"Maasmechelen (F)";"STR";"6"
"IV2018030715551163";"Maasmechelen (F)";"K";"80"
"IV2018030715551163";"Maasmechelen (F)";"MO";"1"
"IV2018030715551163";"Maasmechelen (F)";"NB";"10"
"IV2018030715551163";"Maasmechelen (F)";"STR";"9"
"IV2018030719161925";"Zonhoven (F)";"K";"100"
"IV2018030719161925";"Zonhoven (F)";"MO";"10"
"IV2018030719244841";"Zonhoven (F)";"K";"100"
"IV2018030719244841";"Zonhoven (F)";"MO";"1"
"IV2018030719311738";"Zonhoven (F)";"K";"75"
"IV2018030719311738";"Zonhoven (F)";"MO";"20"
"IV2018030719311738";"Zonhoven (F)";"STR";"5"
"IV2018030719484292";"Zonhoven (F)";"K";"83"
"IV2018030719484292";"Zonhoven (F)";"MO";"15"
"IV2018030719484292";"Zonhoven (F)";"STR";"2"
"IV2018031009120638";"Rekem";"K";"98"
"IV2018031009120638";"Rekem";"MO";"5"
"IV2018031009120638";"Rekem";"S";"60"
"IV2018031009120638";"Rekem";"STR";"3"
"IV2018031009213148";"Rekem";"K";"98"
"IV2018031009213148";"Rekem";"STR";"3"
"IV2018031010111411";"Averbode";"K";"95"
"IV2018031010111411";"Averbode";"MO";"3"
"IV2018031010111411";"Averbode";"NB";"2"
"IV2018031010191687";"Averbode";"K";"98"
"IV2018031010191687";"Averbode";"MO";"1"
"IV2018031010191687";"Averbode";"NB";"1"
"IV2018031015311631";"Koersel";"K";"95"
"IV2018031015311631";"Koersel";"MO";"5"
"IV2018031015311631";"Koersel";"S";"0-x-1"
"IV2018031021192601";"Koersel";"K";"98"
"IV2018031021192601";"Koersel";"MO";"2"
"IV2018031108343898";"Beringen (F)";"K";"100"
"IV2018031108343898";"Beringen (F)";"MO";"0-x-1"
"IV2018031108343898";"Beringen (F)";"NB";"1"
"IV2018031108343898";"Beringen (F)";"S";"40"
"IV2018031109022283";"Beringen (F)";"K";"95"
"IV2018031109022283";"Beringen (F)";"MO";"0-x-1"
"IV2018031109022283";"Beringen (F)";"NB";"2"
"IV2018031109022283";"Beringen (F)";"S";"20"
"IV2018031112563585";"Averbode";"K";"100"
"IV2018031112563585";"Averbode";"MO";"2"
"IV2018031112563585";"Averbode";"S";"3"
"IV2018031113042338";"Averbode";"K";"100"
"IV2018031113042338";"Averbode";"MO";"2"
"IV2018031113221134";"Koersel";"K";"85"
"IV2018031113221134";"Koersel";"MO";"15"
"IV2018031113285776";"Koersel";"K";"80"
"IV2018031113285776";"Koersel";"MO";"25"
"IV2018082008574310";"Remersdaal";"K";"95"
"IV2018082008574310";"Remersdaal";"MO";"20"
"IV2018082407540429";"Diepenbeek (F)";"K";"100"
"IV2018082407540429";"Diepenbeek (F)";"MO";"60"
"IV2018082408442571";"Diepenbeek";"K";"100"
"IV2018082408442571";"Diepenbeek";"MO";"60"
